word,cpb_rank,dolch_prek,total,lesson-1,lesson-2,lesson-3,lesson-4,lesson-5,lesson-6,lesson-7,lesson-8,lesson-9,lesson-10,lesson-11,lesson-12,lesson-13,lesson-14,lesson-15,lesson-16,lesson-17,lesson-18,lesson-21,lesson-22,lesson-23,lesson-24,lesson-25
the,1,x,19,,,,,,,,,,,,,,5,1,1,3,2,3,,1,2,1
and,2,x,5,,,,,,2,,,,,,,,1,,,,,,1,1,,
a,3,x,15,,,,,,,,,,,,,,6,1,1,1,2,,,1,1,2
to,4,x,,,,,,,,,,,,,,,,,,,,,,,,
i,5,x,14,,,,,,,,,,,,,,5,1,1,1,1,,,2,1,2
you,6,x,1,,,,,,,,,,,,,,1,,,,,,,,,
he,7,,,,,,,,,,,,,,,,,,,,,,,,,
of,8,,,,,,,,,,,,,,,,,,,,,,,,,
in,9,x,11,,,,,1,,,,,,,,,1,,1,1,1,2,1,1,1,1
was,10,,,,,,,,,,,,,,,,,,,,,,,,,
it,11,x,9,,,,1,,,,,,,,,,,,1,1,1,1,1,1,1,1
is,12,x,23,,,,,,,,,,,2,1,1,2,1,2,4,2,2,2,1,2,1
that,13,,,,,,,,,,,,,,,,,,,,,,,,,
his,14,,11,,,,,,,,,,,,,2,1,1,1,1,1,1,,1,1,1
for,15,x,,,,,,,,,,,,,,,,,,,,,,,,
she,16,,,,,,,,,,,,,,,,,,,,,,,,,
on,17,,10,,,,,,,,,,,,,,1,,1,1,1,1,1,1,1,2
said,18,x,,,,,,,,,,,,,,,,,,,,,,,,
my,19,x,1,,,,,,,,,,,,,,1,,,,,,,,,
with,20,,,,,,,,,,,,,,,,,,,,,,,,,
but,21,,,,,,,,,,,,,,,,,,,,,,,,,
they,22,,,,,,,,,,,,,,,,,,,,,,,,,
all,23,,1,,,,,,,,,,,,,,1,,,,,,,,,
her,24,,,,,,,,,,,,,,,,,,,,,,,,,
so,25,,,,,,,,,,,,,,,,,,,,,,,,,
be,26,,,,,,,,,,,,,,,,,,,,,,,,,
we,27,x,,,,,,,,,,,,,,,,,,,,,,,,
at,28,,13,2,3,,,,,,,,,,,,,,1,1,1,1,1,1,1,1
up,29,x,,,,,,,,,,,,,,,,,,,,,,,,
me,30,x,1,,,,,,,,,,,,,,1,,,,,,,,,
as,31,,2,,,,,,,,,,,,,,,,,,,1,1,,,
are,32,,,,,,,,,,,,,,,,,,,,,,,,,
this,33,,,,,,,,,,,,,,,,,,,,,,,,,
one,34,x,,,,,,,,,,,,,,,,,,,,,,,,
when,35,,,,,,,,,,,,,,,,,,,,,,,,,
what,36,,,,,,,,,,,,,,,,,,,,,,,,,
like,37,,2,,,,,,,,,,,,,,2,,,,,,,,,
your,38,,,,,,,,,,,,,,,,,,,,,,,,,
have,39,,,,,,,,,,,,,,,,,,,,,,,,,
out,40,,,,,,,,,,,,,,,,,,,,,,,,,
not,41,x,9,,,,,,,1,,,,,,,,,1,1,1,1,1,1,1,1
little,42,x,,,,,,,,,,,,,,,,,,,,,,,,
do,43,,,,,,,,,,,,,,,,,,,,,,,,,
then,44,,,,,,,,,,,,,,,,,,,,,,,,,
can,45,x,2,,,,,,,,,,,,,,,,1,,,,,1,,
had,46,,1,,,,,,,,,,,,,,,,,,1,,,,,
there,47,,,,,,,,,,,,,,,,,,,,,,,,,
no,48,,,,,,,,,,,,,,,,,,,,,,,,,
day,49,,,,,,,,,,,,,,,,,,,,,,,,,
just,50,,,,,,,,,,,,,,,,,,,,,,,,,
now,51,,,,,,,,,,,,,,,,,,,,,,,,,
it's,52,,,,,,,,,,,,,,,,,,,,,,,,,
from,53,,,,,,,,,,,,,,,,,,,,,,,,,
were,54,,,,,,,,,,,,,,,,,,,,,,,,,
him,55,,,,,,,,,,,,,,,,,,,,,,,,,
i'm,56,,,,,,,,,,,,,,,,,,,,,,,,,
see,57,x,,,,,,,,,,,,,,,,,,,,,,,,
will,58,,,,,,,,,,,,,,,,,,,,,,,,,
them,59,,,,,,,,,,,,,,,,,,,,,,,,,
time,60,,,,,,,,,,,,,,,,,,,,,,,,,
if,61,,,,,,,,,,,,,,,,,,,,,,,,,
oh,62,,,,,,,,,,,,,,,,,,,,,,,,,
too,63,,,,,,,,,,,,,,,,,,,,,,,,,
their,64,,,,,,,,,,,,,,,,,,,,,,,,,
get,65,,5,,,,,,,,,,,,,,,,,,,1,1,1,1,1
could,66,,,,,,,,,,,,,,,,,,,,,,,,,
down,67,x,,,,,,,,,,,,,,,,,,,,,,,,
big,68,x,9,,,,,,,,,1,,,,,,,1,1,1,1,1,1,1,1
go,69,x,1,,,,,,,,,,,,,,1,,,,,,,,,
or,70,,,,,,,,,,,,,,,,,,,,,,,,,
don't,71,,,,,,,,,,,,,,,,,,,,,,,,,
by,72,,,,,,,,,,,,,,,,,,,,,,,,,
back,73,,2,,,,,,,,,,,,,,,,,,,,,,2,
how,74,,,,,,,,,,,,,,,,,,,,,,,,,
into,75,,,,,,,,,,,,,,,,,,,,,,,,,
would,76,,,,,,,,,,,,,,,,,,,,,,,,,
about,77,,,,,,,,,,,,,,,,,,,,,,,,,
some,78,,,,,,,,,,,,,,,,,,,,,,,,,
who,79,,,,,,,,,,,,,,,,,,,,,,,,,
very,80,,,,,,,,,,,,,,,,,,,,,,,,,
know,81,,,,,,,,,,,,,,,,,,,,,,,,,
good,82,,,,,,,,,,,,,,,,,,,,,,,,,
an,83,,8,,,,,,,,,,,,,,,,1,1,1,1,1,1,1,1
look,84,x,,,,,,,,,,,,,,,,,,,,,,,,
right,85,,,,,,,,,,,,,,,,,,,,,,,,,
love,86,,,,,,,,,,,,,,,,,,,,,,,,,
more,87,,,,,,,,,,,,,,,,,,,,,,,,,
make,88,x,,,,,,,,,,,,,,,,,,,,,,,,
our,89,,,,,,,,,,,,,,,,,,,,,,,,,
did,90,,8,,,,,,,,,,,,,,,,1,1,1,1,1,1,1,1
new,91,,,,,,,,,,,,,,,,,,,,,,,,,
way,92,,,,,,,,,,,,,,,,,,,,,,,,,
here,93,x,,,,,,,,,,,,,,,,,,,,,,,,
over,94,,,,,,,,,,,,,,,,,,,,,,,,,
night,95,,,,,,,,,,,,,,,,,,,,,,,,,
made,96,,,,,,,,,,,,,,,,,,,,,,,,,
even,97,,,,,,,,,,,,,,,,,,,,,,,,,
come,98,x,,,,,,,,,,,,,,,,,,,,,,,,
says,99,,,,,,,,,,,,,,,,,,,,,,,,,
home,100,,,,,,,,,,,,,,,,,,,,,,,,,
got,101,,,,,,,,,,,,,,,,,,,,,,,,,
around,102,,,,,,,,,,,,,,,,,,,,,,,,,
away,103,x,,,,,,,,,,,,,,,,,,,,,,,,
help,104,x,,,,,,,,,,,,,,,,,,,,,,,,
off,105,,,,,,,,,,,,,,,,,,,,,,,,,
want,106,,,,,,,,,,,,,,,,,,,,,,,,,
think,107,,,,,,,,,,,,,,,,,,,,,,,,,
that's,108,,,,,,,,,,,,,,,,,,,,,,,,,
where,109,x,,,,,,,,,,,,,,,,,,,,,,,,
old,110,,,,,,,,,,,,,,,,,,,,,,,,,
went,111,,,,,,,,,,,,,,,,,,,,,,,,,
us,112,,,,,,,,,,,,,,,,,,,,,,,,,
didn't,113,,,,,,,,,,,,,,,,,,,,,,,,,
friends,114,,,,,,,,,,,,,,,,,,,,,,,,,
two,115,x,,,,,,,,,,,,,,,,,,,,,,,,
people,116,,,,,,,,,,,,,,,,,,,,,,,,,
through,117,,,,,,,,,,,,,,,,,,,,,,,,,
has,118,,12,,,,,,,,,,,,,2,2,1,1,1,1,1,,1,1,1
first,119,,,,,,,,,,,,,,,,,,,,,,,,,
next,120,,,,,,,,,,,,,,,,,,,,,,,,,
tree,121,,,,,,,,,,,,,,,,,,,,,,,,,
never,122,,,,,,,,,,,,,,,,,,,,,,,,,
well,123,,,,,,,,,,,,,,,,,,,,,,,,,
thought,124,,,,,,,,,,,,,,,,,,,,,,,,,
other,125,,,,,,,,,,,,,,,,,,,,,,,,,
after,126,,,,,,,,,,,,,,,,,,,,,,,,,
dad,127,,,,,,,,,,,,,,,,,,,,,,,,,
mom,128,,,,,,,,,,,,,,,,,,,,,,,,,
play,129,x,,,,,,,,,,,,,,,,,,,,,,,,
bear,130,,,,,,,,,,,,,,,,,,,,,,,,,
things,131,,,,,,,,,,,,,,,,,,,,,,,,,
house,132,,,,,,,,,,,,,,,,,,,,,,,,,
i'll,133,,,,,,,,,,,,,,,,,,,,,,,,,
looked,134,,,,,,,,,,,,,,,,,,,,,,,,,
say,135,,,,,,,,,,,,,,,,,,,,,,,,,
came,136,,,,,,,,,,,,,,,,,,,,,,,,,
take,137,,,,,,,,,,,,,,,,,,,,,,,,,
something,138,,,,,,,,,,,,,,,,,,,,,,,,,
you're,139,,,,,,,,,,,,,,,,,,,,,,,,,
before,140,,,,,,,,,,,,,,,,,,,,,,,,,
because,141,,,,,,,,,,,,,,,,,,,,,,,,,
again,142,,,,,,,,,,,,,,,,,,,,,,,,,
going,143,,,,,,,,,,,,,,,,,,,,,,,,,
find,144,x,,,,,,,,,,,,,,,,,,,,,,,,
why,145,,,,,,,,,,,,,,,,,,,,,,,,,
everyone,146,,,,,,,,,,,,,,,,,,,,,,,,,
always,147,,,,,,,,,,,,,,,,,,,,,,,,,
let's,148,,,,,,,,,,,,,,,,,,,,,,,,,
asked,149,,,,,,,,,,,,,,,,,,,,,,,,,
long,150,,,,,,,,,,,,,,,,,,,,,,,,,
christmas,151,,,,,,,,,,,,,,,,,,,,,,,,,
much,152,,1,,,,,,,,,,,,,,,,,,,1,,,,
school,153,,,,,,,,,,,,,,,,,,,,,,,,,
happy,154,,,,,,,,,,,,,,,,,,,,,,,,,
really,155,,,,,,,,,,,,,,,,,,,,,,,,,
saw,156,,,,,,,,,,,,,,,,,,,,,,,,,
mr,157,,,,,,,,,,,,,,,,,,,,,,,,,
fun,158,,,,,,,,,,,,,,,,,,,,,,,,,
still,159,,,,,,,,,,,,,,,,,,,,,,,,,
red,160,x,2,,,,,,,,,,,,,,,,,,1,,,,1,
can't,161,,,,,,,,,,,,,,,,,,,,,,,,,
every,162,,,,,,,,,,,,,,,,,,,,,,,,,
three,163,x,,,,,,,,,,,,,,,,,,,,,,,,
eat,164,,,,,,,,,,,,,,,,,,,,,,,,,
am,165,,2,,,,,,,,,,,,,,1,,,,,,,,,1
head,166,,,,,,,,,,,,,,,,,,,,,,,,,
best,167,,1,,,,,,,,,,,,1,,,,,,,,,,,
only,168,,,,,,,,,,,,,,,,,,,,,,,,,
eyes,169,,,,,,,,,,,,,,,,,,,,,,,,,
put,170,,,,,,,,,,,,,,,,,,,,,,,,,
need,171,,,,,,,,,,,,,,,,,,,,,,,,,
feel,172,,,,,,,,,,,,,,,,,,,,,,,,,
found,173,,,,,,,,,,,,,,,,,,,,,,,,,
great,174,,,,,,,,,,,,,,,,,,,,,,,,,
friend,175,,,,,,,,,,,,,,,,,,,,,,,,,
snow,176,,,,,,,,,,,,,,,,,,,,,,,,,
bed,177,,12,,,,,,,,,,,,2,1,,,1,,,1,1,1,3,2
took,178,,,,,,,,,,,,,,,,,,,,,,,,,
man,179,,,,,,,,,,,,,,,,,,,,,,,,,
called,180,,,,,,,,,,,,,,,,,,,,,,,,,
each,181,,,,,,,,,,,,,,,,,,,,,,,,,
while,182,,,,,,,,,,,,,,,,,,,,,,,,,
soon,183,,,,,,,,,,,,,,,,,,,,,,,,,
tell,184,,,,,,,,,,,,,,,,,,,,,,,,,
than,185,,,,,,,,,,,,,,,,,,,,,,,,,
together,186,,,,,,,,,,,,,,,,,,,,,,,,,
give,187,,,,,,,,,,,,,,,,,,,,,,,,,
been,188,,,,,,,,,,,,,,,,,,,,,,,,,
morning,189,,,,,,,,,,,,,,,,,,,,,,,,,
many,190,,,,,,,,,,,,,,,,,,,,,,,,,
mother,191,,,,,,,,,,,,,,,,,,,,,,,,,
green,192,,,,,,,,,,,,,,,,,,,,,,,,,
ever,193,,,,,,,,,,,,,,,,,,,,,,,,,
inside,194,,,,,,,,,,,,,,,,,,,,,,,,,
last,195,,,,,,,,,,,,,,,,,,,,,,,,,
door,196,,,,,,,,,,,,,,,,,,,,,,,,,
he's,197,,,,,,,,,,,,,,,,,,,,,,,,,
sure,198,,,,,,,,,,,,,,,,,,,,,,,,,
please,199,,,,,,,,,,,,,,,,,,,,,,,,,
there's,200,,,,,,,,,,,,,,,,,,,,,,,,,
told,201,,,,,,,,,,,,,,,,,,,,,,,,,
let,202,,,,,,,,,,,,,,,,,,,,,,,,,
started,203,,,,,,,,,,,,,,,,,,,,,,,,,
boy,204,,,,,,,,,,,,,,,,,,,,,,,,,
wanted,205,,,,,,,,,,,,,,,,,,,,,,,,,
water,206,,,,,,,,,,,,,,,,,,,,,,,,,
world,207,,,,,,,,,,,,,,,,,,,,,,,,,
cat,208,,2,,,,,,,,,,,,,,1,,,,1,,,,,
ran,209,,1,,,,,,,,,,,,,,,,,,1,,,,,
baby,210,,,,,,,,,,,,,,,,,,,,,,,,,
heart,211,,,,,,,,,,,,,,,,,,,,,,,,,
miss,212,,,,,,,,,,,,,,,,,,,,,,,,,
maybe,213,,,,,,,,,,,,,,,,,,,,,,,,,
today,214,,,,,,,,,,,,,,,,,,,,,,,,,
should,215,,,,,,,,,,,,,,,,,,,,,,,,,
gave,216,,,,,,,,,,,,,,,,,,,,,,,,,
thing,217,,,,,,,,,,,,,,,,,,,,,,,,,
family,218,,,,,,,,,,,,,,,,,,,,,,,,,
small,219,,,,,,,,,,,,,,,,,,,,,,,,,
cried,220,,,,,,,,,,,,,,,,,,,,,,,,,
children,221,,,,,,,,,,,,,,,,,,,,,,,,,
work,222,,,,,,,,,,,,,,,,,,,,,,,,,
eggs,223,,,,,,,,,,,,,,,,,,,,,,,,,
knew,224,,,,,,,,,,,,,,,,,,,,,,,,,
room,225,,,,,,,,,,,,,,,,,,,,,,,,,
must,226,,1,,,,,,,,,,,,,,,,,1,,,,,,
dog,227,,12,,,,,,,,,1,,,1,,1,1,1,1,1,1,1,1,1,1
book,228,,,,,,,,,,,,,,,,,,,,,,,,,
place,229,,,,,,,,,,,,,,,,,,,,,,,,,
until,230,,,,,,,,,,,,,,,,,,,,,,,,,
yes,231,,2,,,,,,,,,,,,,,,,,,,,2,,,
better,232,,,,,,,,,,,,,,,,,,,,,,,,,
hard,233,,,,,,,,,,,,,,,,,,,,,,,,,
wasn't,234,,,,,,,,,,,,,,,,,,,,,,,,,
these,235,,,,,,,,,,,,,,,,,,,,,,,,,
left,236,,,,,,,,,,,,,,,,,,,,,,,,,
white,237,,,,,,,,,,,,,,,,,,,,,,,,,
blue,238,x,,,,,,,,,,,,,,,,,,,,,,,,
swallowed,239,,,,,,,,,,,,,,,,,,,,,,,,,
okay,240,,,,,,,,,,,,,,,,,,,,,,,,,
stop,241,,5,,,,,,,,,,,,,,,,,,,1,1,1,1,1
those,242,,,,,,,,,,,,,,,,,,,,,,,,,
ready,243,,,,,,,,,,,,,,,,,,,,,,,,,
being,244,,,,,,,,,,,,,,,,,,,,,,,,,
mrs,245,,,,,,,,,,,,,,,,,,,,,,,,,
bad,246,,1,,,,,,,,1,,,,,,,,,,,,,,,
name,247,,,,,,,,,,,,,,,,,,,,,,,,,
another,248,,,,,,,,,,,,,,,,,,,,,,,,,
most,249,,,,,,,,,,,,,,,,,,,,,,,,,
does,250,,,,,,,,,,,,,,,,,,,,,,,,,
heard,251,,,,,,,,,,,,,,,,,,,,,,,,,
year,252,,,,,,,,,,,,,,,,,,,,,,,,,
fly,253,,,,,,,,,,,,,,,,,,,,,,,,,
you'll,254,,,,,,,,,,,,,,,,,,,,,,,,,
any,255,,,,,,,,,,,,,,,,,,,,,,,,,
wait,256,,,,,,,,,,,,,,,,,,,,,,,,,
mama,257,,,,,,,,,,,,,,,,,,,,,,,,,
sleep,258,,,,,,,,,,,,,,,,,,,,,,,,,
once,259,,,,,,,,,,,,,,,,,,,,,,,,,
easter,260,,,,,,,,,,,,,,,,,,,,,,,,,
began,261,,,,,,,,,,,,,,,,,,,,,,,,,
sky,262,,,,,,,,,,,,,,,,,,,,,,,,,
couldn't,263,,,,,,,,,,,,,,,,,,,,,,,,,
try,264,,,,,,,,,,,,,,,,,,,,,,,,,
sun,265,,5,3,1,,,1,,,,,,,,,,,,,,,,,,
keep,266,,,,,,,,,,,,,,,,,,,,,,,,,
favorite,267,,,,,,,,,,,,,,,,,,,,,,,,,
sometimes,268,,,,,,,,,,,,,,,,,,,,,,,,,
i've,269,,,,,,,,,,,,,,,,,,,,,,,,,
thank,270,,,,,,,,,,,,,,,,,,,,,,,,,
kind,271,,,,,,,,,,,,,,,,,,,,,,,,,
tried,272,,,,,,,,,,,,,,,,,,,,,,,,,
nice,273,,,,,,,,,,,,,,,,,,,,,,,,,
beautiful,274,,,,,,,,,,,,,,,,,,,,,,,,,
felt,275,,,,,,,,,,,,,,,,,,,,,,,,,
might,276,,,,,,,,,,,,,,,,,,,,,,,,,
story,277,,,,,,,,,,,,,,,,,,,,,,,,,
run,278,x,1,,,,,,,,,,,,,,,,,,1,,,,,
girl,279,,,,,,,,,,,,,,,,,,,,,,,,,
hair,280,,,,,,,,,,,,,,,,,,,,,,,,,
which,281,,,,,,,,,,,,,,,,,,,,,,,,,
hat,282,,2,1,,,,,,,,,,,,1,,,,,,,,,,
own,283,,,,,,,,,,,,,,,,,,,,,,,,,
rabbit,284,,,,,,,,,,,,,,,,,,,,,,,,,
looks,285,,,,,,,,,,,,,,,,,,,,,,,,,
under,286,,,,,,,,,,,,,,,,,,,,,,,,,
light,287,,,,,,,,,,,,,,,,,,,,,,,,,
santa,288,,,,,,,,,,,,,,,,,,,,,,,,,
ask,289,,,,,,,,,,,,,,,,,,,,,,,,,
black,290,,1,,,,,,,,,,,,,,,,,,,,,,1,
special,291,,,,,,,,,,,,,,,,,,,,,,,,,
face,292,,,,,,,,,,,,,,,,,,,,,,,,,
life,293,,,,,,,,,,,,,,,,,,,,,,,,,
high,294,,,,,,,,,,,,,,,,,,,,,,,,,
hear,295,,,,,,,,,,,,,,,,,,,,,,,,,
outside,296,,,,,,,,,,,,,,,,,,,,,,,,,
stay,297,,,,,,,,,,,,,,,,,,,,,,,,,
what's,298,,,,,,,,,,,,,,,,,,,,,,,,,
dear,299,,,,,,,,,,,,,,,,,,,,,,,,,
someone,300,,,,,,,,,,,,,,,,,,,,,,,,,
top,301,,9,,,,,,,1,,,,,,,,,1,1,1,1,1,1,1,1
turn,302,,,,,,,,,,,,,,,,,,,,,,,,,
they're,303,,,,,,,,,,,,,,,,,,,,,,,,,
also,304,,,,,,,,,,,,,,,,,,,,,,,,,
read,305,,,,,,,,,,,,,,,,,,,,,,,,,
everything,306,,,,,,,,,,,,,,,,,,,,,,,,,
along,307,,,,,,,,,,,,,,,,,,,,,,,,,
bunny,308,,,,,,,,,,,,,,,,,,,,,,,,,
enough,309,,,,,,,,,,,,,,,,,,,,,,,,,
mouse,310,,,,,,,,,,,,,,,,,,,,,,,,,
different,311,,,,,,,,,,,,,,,,,,,,,,,,,
end,312,,,,,,,,,,,,,,,,,,,,,,,,,
turned,313,,,,,,,,,,,,,,,,,,,,,,,,,
looking,314,,,,,,,,,,,,,,,,,,,,,,,,,
makes,315,,,,,,,,,,,,,,,,,,,,,,,,,
fast,316,,,,,,,,,,,,,,,,,,,,,,,,,
brown,317,,,,,,,,,,,,,,,,,,,,,,,,,
we're,318,,,,,,,,,,,,,,,,,,,,,,,,,
dark,319,,,,,,,,,,,,,,,,,,,,,,,,,
days,320,,,,,,,,,,,,,,,,,,,,,,,,,
nothing,321,,,,,,,,,,,,,,,,,,,,,,,,,
feet,322,,,,,,,,,,,,,,,,,,,,,,,,,
sweet,323,,,,,,,,,,,,,,,,,,,,,,,,,
finally,324,,,,,,,,,,,,,,,,,,,,,,,,,
cold,325,,,,,,,,,,,,,,,,,,,,,,,,,
done,326,,,,,,,,,,,,,,,,,,,,,,,,,
idea,327,,,,,,,,,,,,,,,,,,,,,,,,,
won't,328,,,,,,,,,,,,,,,,,,,,,,,,,
full,329,,,,,,,,,,,,,,,,,,,,,,,,,
loved,330,,,,,,,,,,,,,,,,,,,,,,,,,
trees,331,,,,,,,,,,,,,,,,,,,,,,,,,
food,332,,,,,,,,,,,,,,,,,,,,,,,,,
kids,333,,,,,,,,,,,,,,,,,,,,,,,,,
moon,334,,,,,,,,,,,,,,,,,,,,,,,,,
sad,335,,3,,,,,,2,,,,,,,,1,,,,,,,,,
far,336,,,,,,,,,,,,,,,,,,,,,,,,,
air,337,,,,,,,,,,,,,,,,,,,,,,,,,
mommy,338,,,,,,,,,,,,,,,,,,,,,,,,,
grandma,339,,,,,,,,,,,,,,,,,,,,,,,,,
show,340,,,,,,,,,,,,,,,,,,,,,,,,,
four,341,,,,,,,,,,,,,,,,,,,,,,,,,
set,342,,,,,,,,,,,,,,,,,,,,,,,,,
hey,343,,,,,,,,,,,,,,,,,,,,,,,,,
sit,344,,13,,,,2,1,,,1,1,,,,,,,1,1,1,1,1,1,1,1
may,345,,,,,,,,,,,,,,,,,,,,,,,,,
sorry,346,,,,,,,,,,,,,,,,,,,,,,,,,
daddy,347,,,,,,,,,,,,,,,,,,,,,,,,,
use,348,,,,,,,,,,,,,,,,,,,,,,,,,
fish,349,,,,,,,,,,,,,,,,,,,,,,,,,
its,350,,,,,,,,,,,,,,,,,,,,,,,,,
pig,351,,2,,,,,,,,,1,1,,,,,,,,,,,,,
warm,352,,,,,,,,,,,,,,,,,,,,,,,,,
hand,353,,3,,,,,,,,,,,,,1,,,,,,,,,1,1
father,354,,,,,,,,,,,,,,,,,,,,,,,,,
without,355,,,,,,,,,,,,,,,,,,,,,,,,,
same,356,,,,,,,,,,,,,,,,,,,,,,,,,
across,357,,,,,,,,,,,,,,,,,,,,,,,,,
such,358,,1,,,,,,,,,,,,,,,,,,,1,,,,
lots,359,,,,,,,,,,,,,,,,,,,,,,,,,
fluffy,360,,,,,,,,,,,,,,,,,,,,,,,,,
whole,361,,,,,,,,,,,,,,,,,,,,,,,,,
care,362,,,,,,,,,,,,,,,,,,,,,,,,,
walk,363,,,,,,,,,,,,,,,,,,,,,,,,,
hands,364,,,,,,,,,,,,,,,,,,,,,,,,,
bright,365,,,,,,,,,,,,,,,,,,,,,,,,,
doesn't,366,,,,,,,,,,,,,,,,,,,,,,,,,
flew,367,,,,,,,,,,,,,,,,,,,,,,,,,
getting,368,,,,,,,,,,,,,,,,,,,,,,,,,
making,369,,,,,,,,,,,,,,,,,,,,,,,,,
egg,370,,,,,,,,,,,,,,,,,,,,,,,,,
start,371,,,,,,,,,,,,,,,,,,,,,,,,,
gold,372,,,,,,,,,,,,,,,,,,,,,,,,,
nose,373,,,,,,,,,,,,,,,,,,,,,,,,,
behind,374,,,,,,,,,,,,,,,,,,,,,,,,,
wish,375,,,,,,,,,,,,,,,,,,,,,,,,,
himself,376,,,,,,,,,,,,,,,,,,,,,,,,,
sound,377,,,,,,,,,,,,,,,,,,,,,,,,,
bird,378,,,,,,,,,,,,,,,,,,,,,,,,,
open,379,,,,,,,,,,,,,,,,,,,,,,,,,
remember,380,,,,,,,,,,,,,,,,,,,,,,,,,
deep,381,,,,,,,,,,,,,,,,,,,,,,,,,
quite,382,,,,,,,,,,,,,,,,,,,,,,,,,
sat,383,,6,,2,1,2,,,,,,,,,,1,,,,,,,,,
shouted,384,,,,,,,,,,,,,,,,,,,,,,,,,
box,385,,,,,,,,,,,,,,,,,,,,,,,,,
grow,386,,,,,,,,,,,,,,,,,,,,,,,,,
suddenly,387,,,,,,,,,,,,,,,,,,,,,,,,,
smile,388,,,,,,,,,,,,,,,,,,,,,,,,,
job,389,,,,,,,,,,,,,,,,,,,,,,,,,
catch,390,,,,,,,,,,,,,,,,,,,,,,,,,
pete,391,,,,,,,,,,,,,,,,,,,,,,,,,
anything,392,,,,,,,,,,,,,,,,,,,,,,,,,
george,393,,,,,,,,,,,,,,,,,,,,,,,,,
side,394,,,,,,,,,,,,,,,,,,,,,,,,,
animals,395,,,,,,,,,,,,,,,,,,,,,,,,,
lot,396,,2,,,,,,,,,,,,,,,2,,,,,,,,
arthur,397,,,,,,,,,,,,,,,,,,,,,,,,,
hot,398,,5,,,,,,,,,,,,,1,1,,,2,,,1,,,
leprechaun,399,,,,,,,,,,,,,,,,,,,,,,,,,
hello,400,,,,,,,,,,,,,,,,,,,,,,,,,
true,401,,,,,,,,,,,,,,,,,,,,,,,,,
she's,402,,,,,,,,,,,,,,,,,,,,,,,,,
five,403,,,,,,,,,,,,,,,,,,,,,,,,,
perfect,404,,,,,,,,,,,,,,,,,,,,,,,,,
voice,405,,,,,,,,,,,,,,,,,,,,,,,,,
bit,406,,,,,,,,,,,,,,,,,,,,,,,,,
monster,407,,,,,,,,,,,,,,,,,,,,,,,,,
walked,408,,,,,,,,,,,,,,,,,,,,,,,,,
jack,409,,,,,,,,,,,,,,,,,,,,,,,,,
smiled,410,,,,,,,,,,,,,,,,,,,,,,,,,
coming,411,,,,,,,,,,,,,,,,,,,,,,,,,
color,412,,,,,,,,,,,,,,,,,,,,,,,,,
others,413,,,,,,,,,,,,,,,,,,,,,,,,,
gone,414,,,,,,,,,,,,,,,,,,,,,,,,,
tail,415,,,,,,,,,,,,,,,,,,,,,,,,,
tiny,416,,,,,,,,,,,,,,,,,,,,,,,,,
seen,417,,,,,,,,,,,,,,,,,,,,,,,,,
we'll,418,,,,,,,,,,,,,,,,,,,,,,,,,
comes,419,,,,,,,,,,,,,,,,,,,,,,,,,
later,420,,,,,,,,,,,,,,,,,,,,,,,,,
alone,421,,,,,,,,,,,,,,,,,,,,,,,,,
live,422,,,,,,,,,,,,,,,,,,,,,,,,,
leaves,423,,,,,,,,,,,,,,,,,,,,,,,,,
ground,424,,,,,,,,,,,,,,,,,,,,,,,,,
fell,425,,,,,,,,,,,,,,,,,,,,,,,,,
years,426,,,,,,,,,,,,,,,,,,,,,,,,,
both,427,,,,,,,,,,,,,,,,,,,,,,,,,
leave,428,,,,,,,,,,,,,,,,,,,,,,,,,
yellow,429,x,,,,,,,,,,,,,,,,,,,,,,,,
instead,430,,,,,,,,,,,,,,,,,,,,,,,,,
few,431,,,,,,,,,,,,,,,,,,,,,,,,,
sister,432,,,,,,,,,,,,,,,,,,,,,,,,,
super,433,,,,,,,,,,,,,,,,,,,,,,,,,
teacher,434,,,,,,,,,,,,,,,,,,,,,,,,,
party,435,,,,,,,,,,,,,,,,,,,,,,,,,
teeth,436,,,,,,,,,,,,,,,,,,,,,,,,,
call,437,,,,,,,,,,,,,,,,,,,,,,,,,
duck,438,,1,,,,,,,,,,,,,,,,,,,,,,1,
front,439,,,,,,,,,,,,,,,,,,,,,,,,,
town,440,,,,,,,,,,,,,,,,,,,,,,,,,
doing,441,,,,,,,,,,,,,,,,,,,,,,,,,
opened,442,,,,,,,,,,,,,,,,,,,,,,,,,
feeling,443,,,,,,,,,,,,,,,,,,,,,,,,,
jumped,444,,,,,,,,,,,,,,,,,,,,,,,,,
isn't,445,,,,,,,,,,,,,,,,,,,,,,,,,
winter,446,,,,,,,,,,,,,,,,,,,,,,,,,
filled,447,,,,,,,,,,,,,,,,,,,,,,,,,
fall,448,,,,,,,,,,,,,,,,,,,,,,,,,
ice,449,,,,,,,,,,,,,,,,,,,,,,,,,
lost,450,,,,,,,,,,,,,,,,,,,,,,,,,
playing,451,,,,,,,,,,,,,,,,,,,,,,,,,
hope,452,,,,,,,,,,,,,,,,,,,,,,,,,
lady,453,,,,,,,,,,,,,,,,,,,,,,,,,
used,454,,,,,,,,,,,,,,,,,,,,,,,,,
mean,455,,,,,,,,,,,,,,,,,,,,,,,,,
parents,456,,,,,,,,,,,,,,,,,,,,,,,,,
rain,457,,,,,,,,,,,,,,,,,,,,,,,,,
round,458,,,,,,,,,,,,,,,,,,,,,,,,,
wind,459,,,,,,,,,,,,,,,,,,,,,,,,,
turkey,460,,,,,,,,,,,,,,,,,,,,,,,,,
hold,461,,,,,,,,,,,,,,,,,,,,,,,,,
papa,462,,,,,,,,,,,,,,,,,,,,,,,,,
strong,463,,,,,,,,,,,,,,,,,,,,,,,,,
game,464,,,,,,,,,,,,,,,,,,,,,,,,,
hug,465,,,,,,,,,,,,,,,,,,,,,,,,,
wonderful,466,,,,,,,,,,,,,,,,,,,,,,,,,
stopped,467,,,,,,,,,,,,,,,,,,,,,,,,,
almost,468,,,,,,,,,,,,,,,,,,,,,,,,,
believe,469,,,,,,,,,,,,,,,,,,,,,,,,,
books,470,,,,,,,,,,,,,,,,,,,,,,,,,
gets,471,,,,,,,,,,,,,,,,,,,,,,,,,
i'd,472,,,,,,,,,,,,,,,,,,,,,,,,,
paper,473,,,,,,,,,,,,,,,,,,,,,,,,,
share,474,,,,,,,,,,,,,,,,,,,,,,,,,
birds,475,,,,,,,,,,,,,,,,,,,,,,,,,
car,476,,,,,,,,,,,,,,,,,,,,,,,,,
loves,477,,,,,,,,,,,,,,,,,,,,,,,,,
lunch,478,,5,,,,,,,,,,,,,,,,,,,3,2,,,
tall,479,,,,,,,,,,,,,,,,,,,,,,,,,
window,480,,,,,,,,,,,,,,,,,,,,,,,,,
course,481,,,,,,,,,,,,,,,,,,,,,,,,,
kept,482,,,,,,,,,,,,,,,,,,,,,,,,,
words,483,,,,,,,,,,,,,,,,,,,,,,,,,
llama,484,,,,,,,,,,,,,,,,,,,,,,,,,
pulled,485,,,,,,,,,,,,,,,,,,,,,,,,,
floor,486,,,,,,,,,,,,,,,,,,,,,,,,,
scared,487,,,,,,,,,,,,,,,,,,,,,,,,,
pot,488,,2,,,,,,,2,,,,,,,,,,,,,,,,
loud,489,,,,,,,,,,,,,,,,,,,,,,,,,
pretty,490,,,,,,,,,,,,,,,,,,,,,,,,,
class,491,,,,,,,,,,,,,,,,,,,,,,,,,
cool,492,,,,,,,,,,,,,,,,,,,,,,,,,
dinner,493,,,,,,,,,,,,,,,,,,,,,,,,,
hungry,494,,,,,,,,,,,,,,,,,,,,,,,,,
mind,495,,,,,,,,,,,,,,,,,,,,,,,,,
quiet,496,,,,,,,,,,,,,,,,,,,,,,,,,
became,497,,,,,,,,,,,,,,,,,,,,,,,,,
frog,498,,,,,,,,,,,,,,,,,,,,,,,,,
table,499,,,,,,,,,,,,,,,,,,,,,,,,,
goes,500,,,,,,,,,,,,,,,,,,,,,,,,,
mat,,,14,5,2,2,,2,,1,,,1,,,,1,,,,,,,,,
digs,,,10,,,,,,,,,,,4,1,,,,,,,1,1,1,1,1
bus,,,7,,,,,,,,,,,,,,,,,6,,1,,,,
tam,,,7,3,3,,,,,,,,,,,,1,,,,,,,,,
past,,,6,,,,,,,,,,,,,,,,,,1,1,1,1,1,1
pat,,,6,,,5,,1,,,,,,,,,,,,,,,,,,
nap,,,5,,,1,,3,,,,,,,,,,,,,1,,,,,
pin,,,5,,,,,4,1,,,,,,,,,,,,,,,,,
cot,,,4,,,,,,,,,,,,,,,,2,1,1,,,,,
dig,,,4,,,,,,,,,4,,,,,,,,,,,,,,
hen,,,4,,,,,,,,,,,,,3,1,,,,,,,,,
hers,,,4,,,,,,,,,,,,,,,,,,,1,,1,1,1
pet,,,4,,,,,,,,,,,,2,,,,,,,,,,1,1
pots,,,4,,,,,,,,,,,4,,,,,,,,,,,,
tip,,,4,,,,4,,,,,,,,,,,,,,,,,,,
bat,,,3,,,,,,,,2,,1,,,,,,,,,,,,,
bin,,,3,,,,,,,,2,,1,,,,,,,,,,,,,
bunch,,,3,,,,,,,,,,,,,,,,,,,3,,,,
camp,,,3,,,,,,,,,,,,,,,,2,,1,,,,,
chip,,,3,,,,,,,,,,,,,,,,,,,1,1,1,,
chips,,,3,,,,,,,,,,,,,,,,,,,3,,,,
map,,,3,,,1,1,,,,,,1,,,,,,,,,,,,,
quack,,,3,,,,,,,,,,,,,,,,,,,,,,,3
sob,,,3,,,,,,,,3,,,,,,,,,,,,,,,
bag,,,2,,,,,,,,,1,1,,,,,,,,,,,,,
chest,,,2,,,,,,,,,,,,,,,,,,,2,,,,
chick,,,2,,,,,,,,,,,,,,,,,,,,,,2,
dot,,,2,,,,,,,1,,,1,,,,,,,,,,,,,
gas,,,2,,,,,,,,,2,,,,,,,,,,,,,,
ham,,,2,2,,,,,,,,,,,,,,,,,,,,,,
land,,,2,,,,,,,,,,,,,,,2,,,,,,,,
lap,,,2,,,,,,,,,,,,,,,2,,,,,,,,
leg,,,2,,,,,,,,,,,,,,,,,,,,,,1,1
lip,,,2,,,,,,,,,,,,,,,,,,,,,,1,1
log,,,2,,,,,,,1,,,,,,,,1,,,,,,,,
lug,,,2,,,,,,,,,,,,,,,,,2,,,,,,
mad,,,2,,,,,,1,,,,1,,,,,,,,,,,,,
mop,,,2,,,,,,,1,,,1,,,,,,,,,,,,,
pam,,,2,,,1,1,,,,,,,,,,,,,,,,,,,
pan,,,2,,,,,1,,,,,1,,,,,,,,,,,,,
pit,,,2,,,,2,,,,,,,,,,,,,,,,,,,
quest,,,2,,,,,,,,,,,,,,,,,,,,,,,2
quiz,,,2,,,,,,,,,,,,,,,,,,,,,,,2
rat,,,2,,,,,,,,,,,,,,,,,,2,,,,,
send,,,2,,,,,,,,,,,,,,,,,,,,,,1,1
tent,,,2,,,,,,,,,,,,2,,,,,,,,,,,
yelp,,,2,,,,,,,,,,,,,,,,,,,,2,,,
zag,,,2,,,,,,,,,,,,,,,,,,,,,2,,
zig,,,2,,,,,,,,,,,,,,,,,,,,,2,,
zips,,,2,,,,,,,,,,,,,,,,,,,,,2,,
ant,,,1,,,,,1,,,,,,,,,,,,,,,,,,
ball,,,1,,,,,,,,,,,,,,,1,,,,,,,,
bats,,,1,,,,,,,,,,,1,,,,,,,,,,,,
belt,,,1,,,,,,,,,,,,,,,1,,,,,,,,
bob,,,1,,,,,,,,1,,,,,,,,,,,,,,,
cap,,,1,,,,,,,,,,,,,,,,1,,,,,,,
check,,,1,,,,,,,,,,,,,,,,,,,,,,1,
chimp,,,1,,,,,,,,,,,,,,,,,,,,,1,,
clap,,,1,,,,,,,,,,,,,,,,1,,,,,,,
click,,,1,,,,,,,,,,,,,,,,,,,,,,1,
cusp,,,1,,,,,,,,,,,,,,,,,1,,,,,,
dip,,,1,,,,,,1,,,,,,,,,,,,,,,,,
dogs,,,1,,,,,,,,,,,,,,,,,,,,1,,,
dots,,,1,,,,,,,,,,,1,,,,,,,,,,,,
dust,,,1,,,,,,,,,,,,,,,,,1,,,,,,
hog,,,1,,,,,,,,,,,,,1,,,,,,,,,,
hop,,,1,,,,,,,,,,,,,1,,,,,,,,,,
kick,,,1,,,,,,,,,,,,,,,,,,,,,,1,
kid,,,1,,,,,,,,,,,,,,,,,,,,,,1,
kit,,,1,,,,,,,,,,,,,,,,,,,,,,1,
lamp,,,1,,,,,,,,,,,,,,,1,,,,,,,,
lick,,,1,,,,,,,,,,,,,,,,,,,,,,1,
mats,,,1,,,,,,,,,,,,1,,,,,,,,,,,
mops,,,1,,,,,,,,,,,,,1,,,,,,,,,,
mud,,,1,,,,,,1,,,,,,,,,,,,,,,,,
munch,,,1,,,,,,,,,,,,,,,,,,,1,,,,
nest,,,1,,,,,,,,,,,,1,,,,,,,,,,,
nods,,,1,,,,,,,,,,,1,,,,,,,,,,,,
peach,,,1,,,,,,,,,,,,,,1,,,,,,,,,
pear,,,1,,,,,,,,,,,,,,1,,,,,,,,,
pigs,,,1,,,,,,,,,,,,,1,,,,,,,,,,
plum,,,1,,,,,,,,,,,,,,1,,,,,,,,,
pods,,,1,,,,,,,,,,,,,1,,,,,,,,,,
quick,,,1,,,,,,,,,,,,,,,,,,,,,,,1
quilt,,,1,,,,,,,,,,,,,,,,,,,,,,,1
quit,,,1,,,,,,,,,,,,,,,,,,,,,,,1
ram,,,1,,,,,,,,,,,,,,,,,,1,,,,,
ramp,,,1,,,,,,,,,,,,,,,,,,1,,,,,
sam,,,1,,1,,,,,,,,,,,,,,,,,,,,,
sap,,,1,,,1,,,,,,,,,,,,,,,,,,,,
shh,,,1,,,,,,,,,,,,,,,,,,,,,,,1
sick,,,1,,,,,,,,,,,,,,,,,,,,,,1,
sits,,,1,,,,,,,,,,,,,,1,,,,,,,,,
skip,,,1,,,,,,,,,,,,,,,,,,,,,,1,
sled,,,1,,,,,,,,,,,,,,,,,,1,,,,,
sock,,,1,,,,,,,,,,,,,,,,,,,,,,1,
squid,,,1,,,,,,,,,,,,,,,,,,,,,,,1
step,,,1,,,,,,,,,,,,,,,,,1,,,,,,
tap,,,1,,,1,,,,,,,,,,,,,,,,,,,,
tops,,,1,,,,,,,,,,,1,,,,,,,,,,,,
toy,,,1,,,,,,,,,,,,,,,,,,,,1,,,
tum,,,1,,,,,,,,,,,,,,1,,,,,,,,,
unzip,,,1,,,,,,,,,,,,,,,,,,,,,1,,
yam,,,1,,,,,,,,,,,,,,,,,,,,1,,,
yams,,,1,,,,,,,,,,,,,,,,,,,,1,,,
yap,,,1,,,,,,,,,,,,,,,,,,,,1,,,
yep,,,1,,,,,,,,,,,,,,,,,,,,1,,,
yet,,,1,,,,,,,,,,,,,,,,,,,,1,,,
yum,,,1,,,,,,,,,,,,,,,,,,,,1,,,
zap,,,1,,,,,,,,,,,,,,,,,,,,,1,,
zebra,,,1,,,,,,,,,,,,,,,,,,,,,1,,
zip,,,1,,,,,,,,,,,,,,,,,,,,,1,,
funny,,x,,,,,,,,,,,,,,,,,,,,,,,,
jump,,x,,,,,,,,,,,,,,,,,,,,,,,,
