rank,word,raw_freq
1,the,54045
2,and,35915
3,a,29087
4,to,26677
5,i,18431
6,you,15331
7,he,14180
8,of,13413
9,in,12444
10,was,11673
11,it,10804
12,is,8844
13,that,8607
14,his,8485
15,for,8295
16,she,8191
17,on,7779
18,said,7752
19,my,7493
20,with,7378
21,but,7017
22,they,6806
23,all,6316
24,her,5961
25,so,5479
26,be,5154
27,we,5030
28,at,5024
29,up,4928
30,me,4921
31,as,4870
32,are,4626
33,this,4514
34,one,4433
35,when,4315
36,what,4293
37,like,4150
38,your,4071
39,have,4052
40,out,3931
41,not,3908
42,little,3812
43,do,3778
44,then,3745
45,can,3702
46,had,3663
47,there,3338
48,no,3334
49,day,3312
50,just,3300
51,now,3164
52,it's,3070
53,from,3024
54,were,2973
55,him,2934
56,i'm,2824
57,see,2743
58,will,2714
59,them,2577
60,time,2447
61,if,2445
62,oh,2330
63,too,2325
64,their,2325
65,get,2304
66,could,2288
67,down,2273
68,big,2270
69,go,2264
70,or,2237
71,don't,2215
72,by,2152
73,back,2132
74,how,2126
75,into,2123
76,would,2099
77,about,2082
78,some,2079
79,who,2067
80,very,2039
81,know,2033
82,good,1995
83,an,1977
84,look,1974
85,right,1783
86,love,1752
87,more,1748
88,make,1741
89,our,1721
90,did,1615
91,new,1571
92,way,1569
93,here,1564
94,over,1502
95,night,1494
96,made,1470
97,even,1447
98,come,1446
99,says,1423
100,home,1394
101,got,1393
102,around,1389
103,away,1382
104,help,1378
105,off,1371
106,want,1360
107,think,1355
108,that's,1340
109,where,1338
110,old,1326
111,went,1320
112,us,1317
113,didn't,1303
114,friends,1296
115,two,1282
116,people,1253
117,through,1223
118,has,1216
119,first,1212
120,next,1200
121,tree,1198
122,never,1195
123,well,1194
124,thought,1186
125,other,1183
126,after,1182
127,dad,1182
128,mom,1181
129,play,1178
130,bear,1177
131,things,1168
132,house,1165
133,i'll,1156
134,looked,1143
135,say,1134
136,came,1132
137,take,1125
138,something,1122
139,you're,1116
140,before,1109
141,because,1107
142,again,1102
143,going,1099
144,find,1052
145,why,1051
146,everyone,1049
147,always,1048
148,let's,1039
149,asked,1031
150,long,1023
151,christmas,1013
152,much,1012
153,school,1009
154,happy,1004
155,really,999
156,saw,999
157,mr,997
158,fun,990
159,still,976
160,red,963
161,can't,960
162,every,959
163,three,945
164,eat,944
165,am,941
166,head,938
167,best,929
168,only,925
169,eyes,918
170,put,912
171,need,904
172,feel,893
173,found,868
174,great,855
175,friend,850
176,snow,848
177,bed,848
178,took,838
179,man,833
180,called,830
181,each,829
182,while,823
183,soon,801
184,tell,799
185,than,797
186,together,796
187,give,789
188,been,785
189,morning,777
190,many,774
191,mother,768
192,green,760
193,ever,759
194,inside,758
195,last,748
196,door,747
197,he's,743
198,sure,727
199,please,726
200,there's,723
201,told,723
202,let,715
203,started,713
204,boy,712
205,wanted,707
206,water,701
207,world,701
208,cat,700
209,ran,699
210,baby,697
211,heart,697
212,miss,694
213,maybe,682
214,today,680
215,should,678
216,gave,676
217,thing,676
218,family,675
219,small,670
220,cried,669
221,children,664
222,work,663
223,eggs,662
224,knew,654
225,room,654
226,must,651
227,dog,648
228,book,641
229,place,640
230,until,633
231,yes,632
232,better,620
233,hard,611
234,wasn't,608
235,these,608
236,left,607
237,white,604
238,blue,603
239,swallowed,603
240,okay,602
241,stop,600
242,those,597
243,ready,591
244,being,583
245,mrs,583
246,bad,582
247,name,582
248,another,580
249,most,580
250,does,578
251,heard,576
252,year,573
253,fly,571
254,you'll,571
255,any,569
256,wait,569
257,mama,567
258,sleep,567
259,once,563
260,easter,562
261,began,558
262,sky,558
263,couldn't,556
264,try,556
265,sun,555
266,keep,554
267,favorite,548
268,sometimes,548
269,i've,547
270,thank,540
271,kind,536
272,tried,535
273,nice,534
274,beautiful,534
275,felt,533
276,might,532
277,story,531
278,run,530
279,girl,530
280,hair,530
281,which,528
282,hat,526
283,own,522
284,rabbit,519
285,looks,511
286,under,511
287,light,509
288,santa,507
289,ask,503
290,black,501
291,special,500
292,face,498
293,life,494
294,high,495
295,hear,493
296,outside,492
297,stay,490
298,what's,489
299,dear,486
300,someone,486
301,top,486
302,turn,485
303,they're,484
304,also,483
305,read,483
306,everything,481
307,along,480
308,bunny,480
309,enough,480
310,mouse,480
311,different,474
312,end,473
313,turned,472
314,looking,470
315,makes,467
316,fast,464
317,brown,460
318,we're,460
319,dark,458
320,days,457
321,nothing,456
322,feet,453
323,sweet,452
324,finally,450
325,cold,449
326,done,449
327,idea,449
328,won't,449
329,full,448
330,loved,446
331,trees,446
332,food,443
333,kids,443
334,moon,443
335,sad,442
336,far,442
337,air,443
338,mommy,440
339,grandma,439
340,show,439
341,four,433
342,set,432
343,hey,431
344,sit,431
345,may,429
346,sorry,429
347,daddy,428
348,use,428
349,fish,425
350,its,421
351,pig,420
352,warm,419
353,hand,415
354,father,412
355,without,412
356,same,411
357,across,410
358,such,410
359,lots,410
360,fluffy,409
361,whole,409
362,care,406
363,walk,401
364,hands,401
365,bright,400
366,doesn't,400
367,flew,399
368,getting,398
369,making,398
370,egg,395
371,start,393
372,gold,390
373,nose,392
374,behind,389
375,wish,388
376,himself,387
377,sound,387
378,bird,386
379,open,386
380,remember,385
381,deep,384
382,quite,384
383,sat,381
384,shouted,381
385,box,380
386,grow,380
387,suddenly,380
388,smile,379
389,job,379
390,catch,377
391,pete,377
392,anything,377
393,george,375
394,side,375
395,animals,373
396,lot,373
397,arthur,371
398,hot,370
399,leprechaun,369
400,hello,368
401,true,366
402,she's,359
403,five,358
404,perfect,358
405,voice,356
406,bit,355
407,monster,355
408,walked,355
409,jack,354
410,smiled,354
411,coming,351
412,color,356
413,others,349
414,gone,346
415,tail,343
416,tiny,342
417,seen,340
418,we'll,340
419,comes,338
420,later,338
421,alone,337
422,live,337
423,leaves,336
424,ground,336
425,fell,335
426,years,335
427,both,334
428,leave,334
429,yellow,334
430,instead,334
431,few,332
432,sister,332
433,super,332
434,teacher,332
435,party,330
436,teeth,327
437,call,326
438,duck,325
439,front,323
440,town,323
441,doing,322
442,opened,319
443,feeling,317
444,jumped,317
445,isn't,316
446,winter,316
447,filled,316
448,fall,314
449,ice,314
450,lost,313
451,playing,313
452,hope,312
453,lady,311
454,used,311
455,mean,309
456,parents,309
457,rain,309
458,round,305
459,wind,304
460,turkey,303
461,hold,302
462,papa,302
463,strong,302
464,game,301
465,hug,301
466,wonderful,301
467,stopped,300
468,almost,299
469,believe,299
470,books,299
471,gets,298
472,i'd,298
473,paper,297
474,share,297
475,birds,296
476,car,296
477,loves,296
478,lunch,296
479,tall,296
480,window,296
481,course,294
482,kept,294
483,words,294
484,llama,293
485,pulled,293
486,floor,292
487,scared,292
488,pot,289
489,loud,289
490,pretty,289
491,class,288
492,cool,288
493,dinner,288
494,hungry,287
495,mind,287
496,quiet,287
497,became,286
498,frog,285
499,table,285
500,goes,285
501,max,284
502,rest,282
503,ate,282
504,ball,281
505,helped,280
506,watch,280
507,grew,279
508,pink,279
509,birthday,278
510,close,278
511,grandpa,278
512,king,277
513,decided,276
514,lived,276
515,garden,275
516,part,275
517,laughed,274
518,wear,274
519,bring,273
520,giant,273
521,though,273
522,yet,273
523,flowers,273
524,waiting,272
525,yelled,272
526,earth,271
527,six,271
528,candy,270
529,pick,269
530,squirrel,269
531,sea,270
532,henry,268
533,else,267
534,running,266
535,charlie,265
536,asleep,264
537,stood,264
538,sing,263
539,stick,263
540,worry,263
541,safe,261
542,talk,261
543,replied,260
544,dance,258
545,wrong,258
546,played,257
547,real,257
548,thanksgiving,257
549,wants,257
550,dream,256
551,forest,256
552,team,256
553,important,256
554,brave,255
555,brought,255
556,happened,255
557,music,255
558,past,254
559,rock,254
560,tooth,254
561,toys,254
562,follow,253
563,magic,253
564,number,253
565,thanks,253
566,pet,250
567,quickly,250
568,cake,249
569,guess,249
570,arms,248
571,spring,248
572,wouldn't,248
573,brother,247
574,busy,247
575,gingerbread,247
576,hide,247
577,star,247
578,you've,247
579,surprise,246
580,pie,245
581,poor,244
582,stars,244
583,stand,242
584,having,242
585,fox,241
586,valentine's,241
587,free,240
588,learn,240
589,monkey,240
590,clean,239
591,wow,239
592,park,238
593,stuck,238
594,wide,238
595,ride,238
596,knows,236
597,trying,236
598,afraid,235
599,matter,235
600,young,235
601,legs,236
602,myself,234
603,picked,233
604,slowly,232
605,eating,231
606,pumpkin,231
607,river,231
608,shoes,231
609,born,230
610,dinosaur,230
611,groundhog,230
612,listen,229
613,tired,229
614,jump,228
615,silly,228
616,excited,227
617,fine,227
618,early,226
619,halloween,226
620,reached,226
621,takes,226
622,woman,226
623,funny,225
624,met,225
625,ruby,225
626,angry,224
627,meet,224
628,mouth,224
629,colors,223
630,mine,223
631,bus,222
632,wings,222
633,amelia,221
634,liked,221
635,wolf,221
636,worked,221
637,child,220
638,honey,220
639,everybody,219
640,likes,219
641,smell,218
642,times,218
643,dreams,217
644,fairy,217
645,valentine,217
646,city,216
647,anyone,214
648,flying,214
649,late,214
650,luck,214
651,race,214
652,space,214
653,tomorrow,214
654,witch,214
655,toy,213
656,move,213
657,dragon,212
658,ears,212
659,everywhere,212
660,arrived,211
661,change,211
662,he'd,210
663,onto,210
664,fire,209
665,wonder,209
666,boys,209
667,means,208
668,chair,207
669,seven,207
670,uncle,207
671,breakfast,206
672,farmer,206
673,goat,206
674,grass,206
675,quick,206
676,reading,206
677,street,206
678,taking,206
679,plan,205
680,breath,206
681,clouds,204
682,lights,204
683,proud,204
684,second,204
685,ah,203
686,eight,203
687,forget,203
688,cry,202
689,land,202
690,laugh,202
691,seed,202
692,win,202
693,feels,203
694,fact,201
695,problem,201
696,bigger,200
697,soft,200
698,song,200
699,strange,200
700,watched,200
701,girls,199
702,goodbye,199
703,peter,199
704,straight,199
705,already,198
706,gift,198
707,gonna,198
708,yourself,198
709,bag,197
710,biggest,197
711,held,197
712,cream,196
713,singing,196
714,near,195
715,noise,195
716,who's,195
717,page,194
718,woke,194
719,moment,194
720,saying,193
721,tea,193
722,hearts,192
723,hill,192
724,learned,192
725,ocean,192
726,upon,192
727,alex,191
728,field,191
729,lucky,190
730,named,190
731,scary,190
732,whispered,190
733,yeah,190
734,sheep,189
735,terrible,189
736,visit,189
737,chocolate,188
738,herself,188
739,hole,188
740,needed,188
741,won,188
742,word,188
743,caught,187
744,hi,187
745,milk,187
746,owl,187
747,summer,187
748,tight,187
749,above,186
750,kitchen,186
751,sam,186
752,store,186
753,guy,185
754,he'll,184
755,large,184
756,games,183
757,hmm,183
758,parade,183
759,secret,183
760,covered,182
761,nobody,182
762,till,180
763,thinking,180
764,basket,179
765,eye,179
766,farm,179
767,needs,179
768,working,179
769,climbed,178
770,sitting,176
771,picture,176
772,spot,176
773,answer,175
774,bedelia,175
775,joy,175
776,reindeer,175
777,wake,175
778,grabbed,174
779,save,174
780,clothes,173
781,dancing,173
782,gives,173
783,bears,172
784,guys,172
785,kiss,172
786,line,172
787,nest,172
788,trouble,172
789,wall,172
790,able,171
791,road,171
792,delicious,170
793,ones,170
794,sick,170
795,worried,170
796,body,169
797,cow,169
798,showed,169
799,sign,169
800,toes,169
801,train,169
802,amazing,169
803,apple,169
804,climb,168
805,cute,168
806,hit,168
807,huge,168
808,noticed,168
809,step,167
810,longer,166
811,wet,166
812,10,165
813,reach,165
814,easy,164
815,person,164
816,son,164
817,fear,163
818,sight,163
819,week,163
820,below,163
821,orange,163
822,glad,162
823,turtle,162
824,lovely,161
825,fight,160
826,build,159
827,giving,159
828,here's,159
829,seemed,159
830,shout,159
831,wondered,159
832,paint,158
833,since,158
834,starts,158
835,during,157
836,elephant,157
837,places,157
838,roll,157
839,power,157
840,helps,156
841,snowman,156
842,sounds,156
843,truck,156
844,we've,156
845,rainbow,155
846,toward,155
847,bell,154
848,cards,154
849,excellent,154
850,except,154
851,pigs,154
852,purple,154
853,trick,154
854,understand,154
855,watching,154
856,woods,154
857,choose,153
858,dogs,153
859,followed,153
860,middle,153
861,shook,153
862,stuff,153
863,talking,153
864,mess,153
865,crayon,152
866,lay,152
867,president,152
868,rose,151
869,sang,151
870,uh,151
871,eve,150
872,kindness,150
873,lives,150
874,mad,150
875,perhaps,150
876,ten,150
877,wild,150
878,cannot,149
879,faster,149
880,kid,149
881,list,149
882,piece,149
883,spread,149
884,tom,149
885,afternoon,148
886,anymore,148
887,grumpy,148
888,presents,148
889,treat,148
890,finished,147
891,passed,147
892,wrote,147
893,ear,146
894,grandfather,146
895,um,146
896,fill,145
897,plant,145
898,puppy,145
899,realized,145
900,rolled,145
901,unicorn,145
902,beat,144
903,buzz,144
904,smart,144
905,touch,144
906,blew,143
907,explained,143
908,path,143
909,become,142
910,cookies,142
911,living,142
912,apples,141
913,asks,141
914,chance,141
915,dropped,141
916,men,141
917,money,141
918,buy,140
919,chicken,140
920,against,139
921,beans,139
922,dw,139
923,fingers,139
924,trip,139
925,cut,138
926,holding,138
927,join,138
928,mountain,138
929,tears,138
930,wearing,138
931,boat,138
932,aren't,137
933,billy,137
934,count,137
935,magical,137
936,shadow,137
937,ship,137
938,throw,137
939,yummy,137
940,crowd,136
941,note,136
942,often,136
943,imagine,136
944,enjoy,135
945,fluff,135
946,foot,135
947,led,135
948,seeds,135
949,sleepy,135
950,splat,135
951,threw,135
952,turns,135
953,walking,135
954,stories,135
955,ahead,134
956,beach,134
957,closed,134
958,corn,134
959,flower,134
960,half,134
961,hurt,134
962,luna,134
963,missed,134
964,underwear,134
965,between,133
966,boom,133
967,celebrate,133
968,cozy,133
969,danny,133
970,extra,133
971,hooray,133
972,horse,133
973,nine,133
974,pond,133
975,clear,133
976,ago,132
977,answered,132
978,danced,132
979,landed,132
980,sees,132
981,belly,132
982,cats,132
983,bat,131
984,begin,131
985,bowl,131
986,empty,131
987,rat,131
988,skin,131
989,brain,131
990,dry,130
991,glue,130
992,pablo,130
993,sent,130
994,shiny,130
995,swim,130
996,carry,129
997,daisy,129
998,hopped,129
999,present,129
1000,seat,129
1001,sleeping,129
1002,bath,128
1003,captain,128
1004,chase,128
1005,evening,128
1006,fit,128
1007,joe,128
1008,knock,128
1009,ladybug,128
1010,wherever,128
1011,cup,127
1012,goodness,127
1013,taste,127
1014,third,127
1015,david,126
1016,god,126
1017,letter,126
1018,monsters,126
1019,moved,126
1020,ways,126
1021,bump,125
1022,card,125
1023,carefully,125
1024,carrots,125
1025,fancy,125
1026,ho,125
1027,tells,125
1028,welcome,125
1029,write,125
1030,standing,125
1031,helping,124
1032,laughing,124
1033,bug,123
1034,bunnies,123
1035,castle,123
1036,check,123
1037,enormous,123
1038,hurry,123
1039,practice,123
1040,thomas,123
1041,begins,122
1042,cheese,122
1043,goose,122
1044,haven't,122
1045,hugs,122
1046,meant,122
1047,pants,122
1048,thankful,122
1049,treasure,122
1050,wife,122
1051,donald,121
1052,flies,121
1053,forever,121
1054,merry,121
1055,promise,121
1056,rather,121
1057,sand,121
1058,trap,121
1059,exactly,120
1060,hung,120
1061,march,120
1062,potato,120
1063,slow,120
1064,gray,120
1065,crayons,119
1066,kitty,119
1067,rule,119
1068,shall,119
1069,splash,119
1070,towards,119
1071,animal,118
1072,closer,118
1073,growing,118
1074,hiding,118
1075,mice,118
1076,minute,118
1077,readers,118
1078,speak,118
1079,tonight,118
1080,b,117
1081,pull,117
1082,stared,117
1083,waited,117
1084,wash,117
1085,appeared,116
1086,continued,116
1087,drink,116
1088,hop,116
1089,least,116
1090,riding,116
1091,carried,115
1092,cheer,115
1093,draw,115
1094,exclaimed,115
1095,princess,115
1096,probably,115
1097,short,115
1098,size,115
1099,surprised,115
1100,changed,114
1101,dr,114
1102,remembered,114
1103,seems,114
1104,shop,114
1105,sir,114
1106,straw,114
1107,anyway,113
1108,art,113
1109,clever,113
1110,cloud,113
1111,fair,113
1112,taught,113
1113,bite,112
1114,bridge,112
1115,country,112
1116,hen,112
1117,patrick's,112
1118,pop,112
1119,stayed,112
1120,storm,112
1121,leaving,112
1122,gently,111
1123,hang,111
1124,snack,111
1125,socks,111
1126,actually,110
1127,calls,110
1128,gathered,110
1129,hours,110
1130,mary,110
1131,rocks,110
1132,soup,110
1133,valentines,110
1134,yard,110
1135,babies,109
1136,butterfly,109
1137,dinosaurs,109
1138,pile,109
1139,plants,109
1140,rules,109
1141,sleigh,109
1142,sugar,109
1143,teddy,109
1144,single,109
1145,added,108
1146,boots,108
1147,built,108
1148,emma,108
1149,especially,108
1150,golden,108
1151,higher,108
1152,lose,108
1153,north,108
1154,spider,108
1155,st,108
1156,gifts,108
1157,agreed,107
1158,bet,107
1159,bottle,107
1160,cars,107
1161,holiday,107
1162,jelly,107
1163,tummy,107
1164,adventure,106
1165,break,106
1166,cheered,106
1167,claus,106
1168,fur,106
1169,happens,106
1170,liam,106
1171,lion,106
1172,minutes,106
1173,mirror,106
1174,raced,106
1175,using,106
1176,weren't,106
1177,whatever,106
1178,bread,105
1179,brush,105
1180,building,105
1181,dressed,105
1182,stairs,105
1183,teach,105
1184,zoo,105
1185,corner,104
1186,dirt,104
1187,falling,104
1188,friendly,104
1189,jesus,104
1190,news,104
1191,pass,104
1192,shell,104
1193,happen,104
1194,anna,103
1195,aunt,103
1196,bones,103
1197,either,103
1198,fix,103
1199,granny,103
1200,hall,103
1201,happily,103
1202,hero,103
1203,jim,103
1204,known,103
1205,telling,103
1206,thinks,103
1207,feelings,103
1208,100,102
1209,banana,102
1210,biscuit,102
1211,calm,102
1212,crocodile,102
1213,sisters,102
1214,stone,102
1215,notice,102
1216,curious,101
1217,doctor,101
1218,hid,101
1219,thump,101
1220,tv,101
1221,bella,101
1222,fresh,101
1223,bubbles,100
1224,edge,100
1225,leprechauns,100
1226,quack,100
1227,saved,100
1228,square,100
1229,wise,100
1230,barn,99
1231,emily,99
1232,forgot,99
1233,fruit,99
1234,ghost,99
1235,glow,99
1236,pair,99
1237,tiger,99
1238,you'd,99
1239,bottom,98
1240,bow,98
1241,goodnight,98
1242,group,98
1243,knees,98
1244,less,98
1245,moose,98
1246,mud,98
1247,o,98
1248,shine,98
1249,bees,98
1250,button,98
1251,deer,97
1252,headed,97
1253,jumping,97
1254,mountains,97
1255,penelope,97
1256,penguin,97
1257,pointed,97
1258,she'll,97
1259,sticks,97
1260,works,97
1261,breathe,98
1262,angel,96
1263,famous,96
1264,fat,96
1265,heavy,96
1266,phil,96
1267,pizza,96
1268,shows,96
1269,troll,96
1270,wood,96
1271,cover,95
1272,creature,95
1273,creatures,95
1274,hedgehog,95
1275,roar,95
1276,sammy,95
1277,wave,95
1278,thoughts,98
1279,classroom,94
1280,clayton,94
1281,clifford,94
1282,drew,94
1283,heroes,94
1284,lonely,94
1285,plate,94
1286,rocket,94
1287,they'll,94
1288,treats,94
1289,bee,93
1290,falls,93
1291,feathers,93
1292,grown,93
1293,jasper,93
1294,mickey,93
1295,queen,93
1296,santa's,93
1297,slide,93
1298,smiling,93
1299,war,93
1300,chest,93
1301,butterflies,92
1302,escape,92
1303,fred,92
1304,grandmother,92
1305,paws,92
1306,sticky,92
1307,view,92
1308,attention,91
1309,balloon,91
1310,band,91
1311,blow,91
1312,chased,91
1313,creepy,91
1314,desmond,91
1315,feast,91
1316,lead,91
1317,listened,91
1318,pushed,91
1319,rushed,91
1320,tim,91
1321,alice,90
1322,blanket,90
1323,boo,90
1324,broken,90
1325,case,90
1326,missing,90
1327,reason,90
1328,snake,90
1329,upset,90
1330,village,90
1331,weather,90
1332,anger,89
1333,daniel,89
1334,driver,89
1335,froggy,89
1336,heads,89
1337,horrible,89
1338,returned,89
1339,roof,89
1340,shining,89
1341,simply,89
1342,stepped,89
1343,tricks,89
1344,violet,89
1345,yours,89
1346,america,88
1347,bedtime,88
1348,disappeared,88
1349,hadn't,88
1350,island,88
1351,michael,88
1352,pirate,88
1353,push,88
1354,sharp,88
1355,smiles,88
1356,truth,88
1357,whale,88
1358,beside,87
1359,branch,87
1360,brings,87
1361,broke,87
1362,carrot,87
1363,crack,87
1364,grab,87
1365,grateful,87
1366,journey,87
1367,kayla,87
1368,kitten,87
1369,pets,87
1370,spent,87
1371,string,87
1372,swimming,87
1373,cave,87
1374,moving,87
1375,awesome,86
1376,bob,86
1377,branches,86
1378,calling,86
1379,careful,86
1380,glitter,86
1381,keeps,86
1382,leaf,86
1383,pole,86
1384,pumpkins,86
1385,question,86
1386,return,86
1387,supposed,86
1388,waved,86
1389,weeks,86
1390,neck,86
1391,board,85
1392,business,85
1393,circle,85
1394,cross,85
1395,duncan,85
1396,invited,85
1397,joined,85
1398,kindergarten,85
1399,officer,85
1400,pictures,85
1401,rope,85
1402,shed,85
1403,shut,85
1404,sunny,85
1405,tied,85
1406,grace,86
1407,plenty,85
1408,t,85
1409,act,84
1410,although,84
1411,cook,84
1412,elf,84
1413,forward,84
1414,human,84
1415,indeed,84
1416,katie,84
1417,low,84
1418,point,84
1419,popped,84
1420,runs,84
1421,spotted,84
1422,states,84
1423,tough,84
1424,united,84
1425,waves,84
1426,worse,84
1427,chicks,83
1428,den,83
1429,faces,83
1430,grand,83
1431,lifted,83
1432,martin,83
1433,months,83
1434,phone,83
1435,planet,83
1436,promised,83
1437,questions,83
1438,she'd,83
1439,wished,83
1440,c,82
1441,chick,82
1442,coat,82
1443,freedom,82
1444,hood,82
1445,hundred,82
1446,none,82
1447,pieces,82
1448,spots,82
1449,video,82
1450,bedroom,81
1451,beneath,81
1452,costume,81
1453,crash,81
1454,crazy,81
1455,drop,81
1456,dust,81
1457,hanging,81
1458,nearby,81
1459,nervous,81
1460,nuts,81
1461,p,81
1462,peace,81
1463,playground,81
1464,prize,81
1465,scare,81
1466,seem,81
1467,students,81
1468,sunshine,81
1469,arm,80
1470,bye,80
1471,colorful,80
1472,dress,80
1473,enjoyed,80
1474,excitement,80
1475,goblin,80
1476,kinds,80
1477,milo,80
1478,mom's,80
1479,pay,80
1480,shoe,80
1481,sophia,80
1482,starting,80
1483,themselves,80
1484,bored,79
1485,brothers,79
1486,crying,79
1487,dragons,79
1488,feed,79
1489,gather,79
1490,lightning,79
1491,minnie,79
1492,nearly,79
1493,peppa,79
1494,pocket,79
1495,rise,79
1496,slept,79
1497,smurf,79
1498,swing,79
1499,wrapped,79
1500,anywhere,78
1501,bought,78
1502,crunch,78
1503,dig,78
1504,excuse,78
1505,frogs,78
1506,glass,78
1507,grouchy,78
1508,jar,78
1509,knocked,78
1510,lee,78
1511,letters,78
1512,office,78
1513,older,78
1514,patrick,78
1515,picking,78
1516,sneeze,78
1517,suit,78
1518,taken,78
1519,tasty,78
1520,boring,77
1521,classmates,77
1522,de,77
1523,definitely,77
1524,drove,77
1525,hats,77
1526,healthy,77
1527,lucy,77
1528,maddie,77
1529,norman,77
1530,olivia,77
1531,placed,77
1532,quietly,77
1533,sadly,77
1534,search,77
1535,send,77
1536,shake,77
1537,somewhere,77
1538,sort,77
1539,spoke,77
1540,steps,77
1541,tucked,77
1542,ugly,77
1543,watermelon,77
1544,windows,77
1545,baseball,76
1546,claws,76
1547,colored,76
1548,crew,76
1549,dan,76
1550,growled,76
1551,hugged,76
1552,jasmine,76
1553,jungle,76
1554,meanwhile,76
1555,miles,76
1556,phyllis,76
1557,picnic,76
1558,seeing,76
1559,smells,76
1560,test,76
1561,they'd,76
1562,usually,76
1563,chimney,75
1564,clover,75
1565,cookie,75
1566,exciting,75
1567,hurried,75
1568,nap,75
1569,nick,75
1570,puts,75
1571,rolls,75
1572,saint,75
1573,songs,75
1574,talked,75
1575,umbrella,75
1576,walter,75
1577,z,75
1578,adventures,74
1579,beauty,74
1580,buddy,74
1581,climbing,74
1582,control,74
1583,finish,74
1584,flag,74
1585,francine,74
1586,franklin,74
1587,glasses,74
1588,gum,74
1589,leg,74
1590,mother's,74
1591,names,74
1592,nodded,74
1593,pancakes,74
1594,percy,74
1595,somebody,74
1596,spend,74
1597,awake,73
1598,breeze,73
1599,curly,73
1600,eaten,73
1601,eats,73
1602,finger,73
1603,following,73
1604,handed,73
1605,juice,73
1606,kevin,73
1607,library,73
1608,potatoes,73
1609,raised,73
1610,rosie,73
1611,shark,73
1612,smurfette,73
1613,snail,73
1614,south,73
1615,toe,73
1616,announced,72
1617,bike,72
1618,cries,72
1619,drum,72
1620,o'clock,72
1621,police,72
1622,ring,72
1623,shared,72
1624,shouldn't,72
1625,squirrels,72
1626,writing,72
1627,x,72
1628,autumn,71
1629,elves,71
1630,given,71
1631,grin,71
1632,july,71
1633,mum,71
1634,screamed,71
1635,tries,71
1636,vegetables,71
1637,add,70
1638,battle,70
1639,block,70
1640,bonnie,70
1641,bubble,70
1642,chapter,70
1643,college,70
1644,d,70
1645,future,70
1646,hate,70
1647,hour,70
1648,ireland,70
1649,leader,70
1650,robin,70
1651,shot,70
1652,shoulder,70
1653,shy,70
1654,snug,70
1655,v,70
1656,whoa,70
1657,women,70
1658,zoe,70
1659,american,69
1660,beginning,69
1661,click,69
1662,courage,69
1663,fence,69
1664,floating,69
1665,happiness,69
1666,hardly,69
1667,ideas,69
1668,oil,69
1669,rescue,69
1670,within,69
1671,woof,69
1672,clock,69
1673,learning,69
1674,20,68
1675,ben,68
1676,candles,68
1677,chip,68
1678,choice,68
1679,coach,68
1680,counted,68
1681,crept,68
1682,desk,68
1683,e,68
1684,figure,68
1685,finds,68
1686,football,68
1687,frank,68
1688,hanukkah,68
1689,millie,68
1690,packed,68
1691,penny,68
1692,powers,68
1693,searched,68
1694,stuffed,68
1695,beast,67
1696,final,67
1697,flash,67
1698,fourth,67
1699,g,67
1700,incredible,67
1701,map,67
1702,martha,67
1703,meal,67
1704,melissa,67
1705,mood,67
1706,oops,67
1707,plane,67
1708,protect,67
1709,sharing,67
1710,sock,67
1711,stage,67
1712,stands,67
1713,tongue,67
1714,trail,67
1715,truly,67
1716,couch,67
1717,bake,66
1718,clapped,66
1719,contest,66
1720,elephants,66
1721,fighting,66
1722,gobble,66
1723,grinned,66
1724,imagination,66
1725,kite,66
1726,lie,66
1727,lift,66
1728,mail,66
1729,million,66
1730,plays,66
1731,spin,66
1732,strawberry,66
1733,strength,66
1734,tacos,66
1735,york,66
1736,bark,65
1737,betty,65
1738,died,65
1739,grinch,65
1740,hay,65
1741,hidden,65
1742,loose,65
1743,mayor,65
1744,paw,65
1745,pool,65
1746,puppies,65
1747,rabbits,65
1748,stellaluna,65
1749,subscribe,65
1750,trash,65
1751,walks,65
1752,yell,65
1753,explore,65
1754,chose,64
1755,covers,64
1756,create,64
1757,downstairs,64
1758,dug,64
1759,f,64
1760,fallen,64
1761,helen,64
1762,kisses,64
1763,ladder,64
1764,machine,64
1765,meow,64
1766,mighty,64
1767,order,64
1768,oven,64
1769,painted,64
1770,pat,64
1771,pooh,64
1772,sally,64
1773,swam,64
1774,tale,64
1775,whenever,64
1776,whose,64
1777,bold,64
1778,buttons,63
1779,crab,63
1780,deal,63
1781,however,63
1782,huh,63
1783,hunt,63
1784,lit,63
1785,meadow,63
1786,melon,63
1787,monday,63
1788,peaceful,63
1789,recess,63
1790,shapes,63
1791,someone's,63
1792,stretched,63
1793,tent,63
1794,tie,63
1795,travel,63
1796,twice,63
1797,where's,63
1798,whisper,63
1799,winner,63
1800,wishes,63
1801,12,62
1802,bear's,62
1803,butter,62
1804,cage,62
1805,camilla,62
1806,clue,62
1807,dash,62
1808,dreaming,62
1809,drive,62
1810,flip,62
1811,goats,62
1812,grows,62
1813,history,62
1814,koala,62
1815,laid,62
1816,loudly,62
1817,mole,62
1818,neighbor,62
1819,piggy,62
1820,pirates,62
1821,prince,62
1822,rich,62
1823,saturday,62
1824,sense,62
1825,slipped,62
1826,smaller,62
1827,stripes,62
1828,sunday,62
1829,track,62
1830,twins,62
1831,energy,62
1832,auntie,61
1833,bags,61
1834,bone,61
1835,cause,61
1836,confused,61
1837,cows,61
1838,creek,61
1839,disappear,61
1840,greatest,61
1841,moana,61
1842,otto,61
1843,pauline,61
1844,pencil,61
1845,rude,61
1846,shamrocks,61
1847,smelled,61
1848,spirit,61
1849,surely,61
1850,thousand,61
1851,wears,61
1852,written,61
1853,explain,62
1854,breathing,61
1855,problems,61
1856,appear,60
1857,beds,60
1858,brand,60
1859,chew,60
1860,couple,60
1861,dare,60
1862,drawing,60
1863,eleanor,60
1864,harder,60
1865,listening,60
1866,patient,60
1867,proudly,60
1868,puddle,60
1869,safety,60
1870,sharks,60
1871,sighed,60
1872,sophie,60
1873,spooky,60
1874,tap,60
1875,thin,60
1876,washington,60
1877,yum,60
1878,allowed,59
1879,boxes,59
1880,center,59
1881,church,59
1882,clark,59
1883,coconut,59
1884,drops,59
1885,ended,59
1886,february,59
1887,fields,59
1888,frozen,59
1889,gabe,59
1890,gentle,59
1891,jamie,59
1892,monkeys,59
1893,naughty,59
1894,neighborhood,59
1895,palace,59
1896,peas,59
1897,rings,59
1898,shouts,59
1899,snowflakes,59
1900,squeeze,59
1901,stream,59
1902,wally,59
1903,zero,59
1904,painting,60
1905,backyard,58
1906,baskets,58
1907,bats,58
1908,brushed,58
1909,buster,58
1910,coloring,58
1911,dad's,58
1912,ends,58
1913,flop,58
1914,fuzzy,58
1915,giraffe,58
1916,gus,58
1917,jumps,58
1918,mask,58
1919,mortimer,58
1920,nowhere,58
1921,pen,58
1922,perfectly,58
1923,plain,58
1924,plus,58
1925,sarah,58
1926,silver,58
1927,sits,58
1928,smoke,58
1929,sniff,58
1930,turkeys,58
1931,turning,58
1932,twinkle,58
1933,uses,58
1934,wondering,58
1935,wore,58
1936,s,61
1937,agree,57
1938,balloons,57
1939,bathroom,57
1940,beard,57
1941,bushes,57
1942,company,57
1943,copy,57
1944,dead,57
1945,ducks,57
1946,flat,57
1947,forgotten,57
1948,james,57
1949,mummy,57
1950,munch,57
1951,ninja,57
1952,pack,57
1953,panda,57
1954,planned,57
1955,porcupine,57
1956,putting,57
1957,rang,57
1958,season,57
1959,seek,57
1960,shopping,57
1961,snap,57
1962,soldiers,57
1963,speaking,57
1964,streets,57
1965,tossed,57
1966,tumbled,57
1967,we'd,57
1968,whether,57
1969,worst,57
1970,15,56
1971,buried,56
1972,dawn,56
1973,dreamed,56
1974,families,56
1975,homework,56
1976,hoped,56
1977,hoping,56
1978,hopping,56
1979,keeping,56
1980,lake,56
1981,local,56
1982,marched,56
1983,mimi,56
1984,pearl,56
1985,peeked,56
1986,plastic,56
1987,polar,56
1988,skunk,56
1989,walls,56
1990,anthony,55
1991,bucket,55
1992,bush,55
1993,certainly,55
1994,decorate,55
1995,discovered,55
1996,edwards,55
1997,eventually,55
1998,fellow,55
1999,float,55
2000,gargamel,55
2001,germs,55
2002,hansel,55
2003,laughter,55
2004,lesson,55
2005,linus,55
2006,mudge,55
2007,ouch,55
2008,professor,55
2009,sail,55
2010,science,55
2011,softly,55
2012,squash,55
2013,staring,55
2014,stomach,55
2015,superhero,55
2016,thick,55
2017,tracks,55
2018,yep,55
2019,counting,55
2020,alive,54
2021,bugs,54
2022,burst,54
2023,carrying,54
2024,completely,54
2025,connor,54
2026,corduroy,54
2027,folks,54
2028,gilbert,54
2029,goofy,54
2030,grumbled,54
2031,humans,54
2032,jake,54
2033,lions,54
2034,midnight,54
2035,patch,54
2036,rolling,54
2037,safely,54
2038,scarf,54
2039,shaking,54
2040,shirt,54
2041,simple,54
2042,slid,54
2043,statue,54
2044,stronger,54
2045,trunk,54
2046,woody,54
2047,backpack,53
2048,bananas,53
2049,bang,53
2050,beyond,53
2051,bunch,53
2052,cheeks,53
2053,chin,53
2054,dirty,53
2055,easily,53
2056,evil,53
2057,fog,53
2058,gate,53
2059,goldfish,53
2060,goldilocks,53
2061,jackie,53
2062,marching,53
2063,mission,53
2064,mistake,53
2065,myra,53
2066,opening,53
2067,pal,53
2068,pip,53
2069,porch,53
2070,puffed,53
2071,roared,53
2072,sack,53
2073,settled,53
2074,snapped,53
2075,soccer,53
2076,spider-man,53
2077,stomped,53
2078,support,53
2079,teachers,53
2080,trust,53
2081,underneath,53
2082,unique,53
2083,whispers,53
2084,yelling,53
2085,boss,52
2086,crawled,52
2087,crow,52
2088,daughter,52
2089,delight,52
2090,entire,52
2091,fan,52
2092,flap,52
2093,gekko,52
2094,glee,52
2095,h,52
2096,hens,52
2097,k,52
2098,key,52
2099,kicked,52
2100,kwanzaa,52
2101,lips,52
2102,m,52
2103,math,52
2104,meg,52
2105,normal,52
2106,parts,52
2107,pasta,52
2108,patty,52
2109,pillow,52
2110,rebecca,52
2111,rode,52
2112,row,52
2113,sets,52
2114,skipped,52
2115,sniffed,52
2116,snowball,52
2117,spinning,52
2118,sue,52
2119,tower,52
2120,worm,52
2121,age,51
2122,bounce,51
2123,caterpillar,51
2124,chairs,51
2125,charge,51
2126,cherry,51
2127,cousin,51
2128,doors,51
2129,dot,51
2130,farmers,51
2131,focus,51
2132,fought,51
2133,frightened,51
2134,joke,51
2135,luckily,51
2136,lying,51
2137,margaret,51
2138,medicine,51
2139,n,51
2140,pajamas,51
2141,poem,51
2142,popular,51
2143,rex,51
2144,rides,51
2145,robot,51
2146,salad,51
2147,showing,51
2148,skeleton,51
2149,snacks,51
2150,stare,51
2151,submarine,51
2152,swung,51
2153,tomato,51
2154,upside,51
2155,wee,51
2156,wing,51
2157,witches,51
2158,wooden,51
2159,totally,51
2160,baked,50
2161,berries,50
2162,blowing,50
2163,broom,50
2164,candle,50
2165,deliver,50
2166,distance,50
2167,friday,50
2168,friendship,50
2169,giggled,50
2170,gretel,50
2171,lawn,50
2172,magnificent,50
2173,melted,50
2174,nights,50
2175,noises,50
2176,owner,50
2177,pee,50
2178,seats,50
2179,shelter,50
2180,shoulders,50
2181,sparkle,50
2182,stockings,50
2183,supper,50
2184,trolls,50
2185,zoom,50
2186,advice,49
2187,april,49
2188,balls,49
2189,bambi,49
2190,belong,49
2191,cart,49
2192,coffee,49
2193,comment,49
2194,furry,49
2195,happening,49
2196,helpful,49
2197,horses,49
2198,interesting,49
2199,juicy,49
2200,mark,49
2201,neighbors,49
2202,plans,49
2203,r,49
2204,rights,49
2205,several,49
2206,shadows,49
2207,shh,49
2208,silent,49
2209,sings,49
2210,snowmen,49
2211,sparkly,49
2212,sports,49
2213,stops,49
2214,thursday,49
2215,tortoise,49
2216,treated,49
2217,l,49
2218,shelf,49
2219,badger,48
2220,bill,48
2221,ceiling,48
2222,cheers,48
2223,created,48
2224,driving,48
2225,j,48
2226,jane,48
2227,lines,48
2228,littlest,48
2229,moves,48
2230,muddy,48
2231,noisy,48
2232,offered,48
2233,peppermint,48
2234,popcorn,48
2235,poured,48
2236,powerful,48
2237,puddles,48
2238,rid,48
2239,seal,48
2240,speed,48
2241,state,48
2242,tip,48
2243,twisted,48
2244,wall-e,48
2245,bubba,47
2246,crown,47
2247,decide,47
2248,engine,47
2249,fills,47
2250,fiona,47
2251,fishing,47
2252,frown,47
2253,gasped,47
2254,hank,47
2255,holds,47
2256,houses,47
2257,irish,47
2258,locked,47
2259,mo,47
2260,scribble,47
2261,shade,47
2262,suggested,47
2263,tag,47
2264,tails,47
2265,traveled,47
2266,virus,47
2267,wanda,47
2268,knit,47
2269,worth,47
2270,50,46
2271,african,46
2272,al,46
2273,among,46
2274,believed,46
2275,callie,46
2276,chris,46
2277,civil,46
2278,closet,46
2279,description,46
2280,digging,46
2281,ellie,46
2282,everyone's,46
2283,french,46
2284,fruits,46
2285,hills,46
2286,hundreds,46
2287,including,46
2288,kick,46
2289,lets,46
2290,log,46
2291,mixed,46
2292,pointing,46
2293,prepared,46
2294,scream,46
2295,served,46
2296,snuggled,46
2297,tilly,46
2298,toad,46
2299,tuesday,46
2300,unless,46
2301,web,46
2302,weird,46
2303,wink,46
2304,yuck,46
2305,besides,46
2306,answers,45
2307,asking,45
2308,awful,45
2309,brilliant,45
2310,buck,45
2311,cereal,45
2312,checked,45
2313,chuckled,45
2314,coal,45
2315,dashed,45
2316,declared,45
2317,disappointed,45
2318,form,45
2319,forth,45
2320,garage,45
2321,grandma's,45
2322,harry,45
2323,holes,45
2324,johnny,45
2325,jr,45
2326,kissed,45
2327,law,45
2328,leap,45
2329,lou,45
2330,ordinary,45
2331,quit,45
2332,ryder,45
2333,searching,45
2334,sounded,45
2335,sprang,45
2336,sprinkles,45
2337,studied,45
2338,sudden,45
2339,u.s,45
2340,voices,45
2341,vote,45
2342,w,45
2343,wiggle,45
2344,worms,45
2345,year's,45
2346,nature,45
2347,ass,44
2348,beep,44
2349,bells,44
2350,bounced,44
2351,burn,44
2352,chickens,44
2353,christopher,44
2354,costumes,44
2355,curls,44
2356,dessert,44
2357,dive,44
2358,doctors,44
2359,drip,44
2360,eric,44
2361,escaped,44
2362,fireworks,44
2363,floated,44
2364,grown-up,44
2365,ha,44
2366,horn,44
2367,icy,44
2368,jordan,44
2369,laughs,44
2370,louder,44
2371,meeting,44
2372,odd,44
2373,pajama,44
2374,player,44
2375,pleased,44
2376,plop,44
2377,precious,44
2378,puff,44
2379,pulls,44
2380,ricky,44
2381,shape,44
2382,sigh,44
2383,soap,44
2384,soil,44
2385,spell,44
2386,station,44
2387,staying,44
2388,swallow,44
2389,tightly,44
2390,t-rex,44
2391,wendell,44
2392,winning,44
2393,wins,44
2394,yay,44
2395,comfortable,44
2396,11,43
2397,binky,43
2398,chasing,43
2399,children's,43
2400,cooked,43
2401,determined,43
2402,emperor,43
2403,glowing,43
2404,hatch,43
2405,it'll,43
2406,josh,43
2407,knits,43
2408,ma,43
2409,messy,43
2410,mystery,43
2411,peek,43
2412,raya,43
2413,rubbed,43
2414,scarecrow,43
2415,seconds,43
2416,signs,43
2417,smurfs,43
2418,style,43
2419,surrounded,43
2420,taller,43
2421,tear,43
2422,upstairs,43
2423,apart,42
2424,blizzard,42
2425,blocks,42
2426,cape,42
2427,chief,42
2428,continue,42
2429,crossed,42
2430,cubs,42
2431,darkness,42
2432,envelope,42
2433,fed,42
2434,fright,42
2435,frosty,42
2436,giggle,42
2437,grade,42
2438,heading,42
2439,itself,42
2440,larry,42
2441,lily,42
2442,mama's,42
2443,master,42
2444,month,42
2445,net,42
2446,nicholas,42
2447,november,42
2448,numbers,42
2449,paul,42
2450,pickles,42
2451,poppy,42
2452,respect,42
2453,rotten,42
2454,shouting,42
2455,sink,42
2456,squeezed,42
2457,stella,42
2458,swings,42
2459,ted,42
2460,touched,42
2461,tripped,42
2462,underground,42
2463,unicorns,42
2464,waits,42
2465,wanna,42
2466,whiskers,42
2467,wrap,42
2468,author,41
2469,basketball,41
2470,buckle,41
2471,cakes,41
2472,celebration,41
2473,clap,41
2474,clay,41
2475,cotton,41
2476,cupcakes,41
2477,difficult,41
2478,double,41
2479,edgar,41
2480,fierce,41
2481,finding,41
2482,garbage,41
2483,ghosts,41
2484,goal,41
2485,guests,41
2486,immediately,41
2487,jones,41
2488,kingdom,41
2489,knowing,41
2490,lars,41
2491,mailbox,41
2492,mittens,41
2493,nigel,41
2494,nurse,41
2495,oak,41
2496,paid,41
2497,poked,41
2498,punch,41
2499,scissors,41
2500,scratch,41
2501,soar,41
2502,squeaky,41
2503,stretch,41
2504,sunlight,41
2505,terribly,41
2506,tools,41
2507,tunnel,41
2508,2,40
2509,amanda,40
2510,bare,40
2511,barely,40
2512,biscuits,40
2513,bits,40
2514,bitty,40
2515,brightly,40
2516,club,40
2517,differences,40
2518,dove,40
2519,drifted,40
2520,easier,40
2521,enemy,40
2522,example,40
2523,fairies,40
2524,ginger,40
2525,gosh,40
2526,gotta,40
2527,gruffalo,40
2528,hip,40
2529,honor,40
2530,horns,40
2531,hush,40
2532,jam,40
2533,language,40
2534,lisa,40
2535,match,40
2536,maui,40
2537,neither,40
2538,nut,40
2539,pretend,40
2540,races,40
2541,raining,40
2542,rattle,40
2543,reads,40
2544,relax,40
2545,remind,40
2546,reminds,40
2547,sandwich,40
2548,shamrock,40
2549,shivered,40
2550,shone,40
2551,snuggle,40
2552,somehow,40
2553,stable,40
2554,tricky,40
2555,usual,40
2556,vacation,40
2557,west,40
2558,absolutely,39
2559,action,39
2560,alligator,39
2561,backwards,39
2562,blast,39
2563,blossom,39
2564,coins,39
2565,collect,39
2566,cooking,39
2567,decorations,39
2568,discover,39
2569,east,39
2570,elsa,39
2571,emotions,39
2572,erica,39
2573,fastest,39
2574,female,39
2575,force,39
2576,gloves,39
2577,heat,39
2578,hurts,39
2579,jeremy,39
2580,lazy,39
2581,leaped,39
2582,leo,39
2583,lizard,39
2584,marshmallow,39
2585,mater,39
2586,meat,39
2587,megan,39
2588,mix,39
2589,pain,39
2590,passing,39
2591,planets,39
2592,poop,39
2593,q,39
2594,realize,39
2595,reply,39
2596,resolution,39
2597,rice,39
2598,rush,39
2599,smelly,39
2600,smooth,39
2601,snoring,39
2602,speech,39
2603,spit,39
2604,spun,39
2605,stole,39
2606,swinging,39
2607,tastes,39
2608,toast,39
2609,undies,39
2610,whistle,39
2611,wiped,39
2612,army,38
2613,bicycle,38
2614,broccoli,38
2615,buses,38
2616,cans,38
2617,carlos,38
2618,cocoa,38
2619,computer,38
2620,difference,38
2621,dough,38
2622,drinking,38
2623,dusty,38
2624,flags,38
2625,glide,38
2626,government,38
2627,guinea,38
2628,honest,38
2629,illustrated,38
2630,jokes,38
2631,kill,38
2632,laws,38
2633,lewis,38
2634,load,38
2635,mars,38
2636,nanette,38
2637,nope,38
2638,olive,38
2639,ollie,38
2640,pan,38
2641,plump,38
2642,pointy,38
2643,pride,38
2644,purpose,38
2645,shaped,38
2646,skip,38
2647,spray,38
2648,stack,38
2649,stinky,38
2650,supplies,38
2651,tiptoed,38
2652,tub,38
2653,warble,38
2654,watches,38
2655,wheels,38
2656,positive,39
2657,lap,38
2658,movie,38
2659,balance,37
2660,base,37
2661,blankets,37
2662,blows,37
2663,braid,37
2664,cared,37
2665,channel,37
2666,chores,37
2667,christian,37
2668,circus,37
2669,clang,37
2670,collected,37
2671,coral,37
2672,dancer,37
2673,doll,37
2674,excitedly,37
2675,fetch,37
2676,foreign,37
2677,grey,37
2678,gruff,37
2679,hearing,37
2680,invisible,37
2681,links,37
2682,lunchbox,37
2683,mango,37
2684,manners,37
2685,marcy,37
2686,message,37
2687,mexico,37
2688,mike,37
2689,moments,37
2690,moms,37
2691,notes,37
2692,oscar,37
2693,pear,37
2694,penguins,37
2695,picks,37
2696,possible,37
2697,pups,37
2698,raccoon,37
2699,rachel,37
2700,rising,37
2701,rooster,37
2702,roses,37
2703,saving,37
2704,scooped,37
2705,seahorse,37
2706,shore,37
2707,sides,37
2708,slimy,37
2709,snakes,37
2710,sneaky,37
2711,sore,37
2712,spaghetti,37
2713,spy,37
2714,student,37
2715,thistle,37
2716,thunder,37
2717,thurman,37
2718,tomatoes,37
2719,tommy,37
2720,tune,37
2721,tuskegee,37
2722,visited,37
2723,wolves,37
2724,yawn,37
2725,yawned,37
2726,5,36
2727,angels,36
2728,approached,36
2729,beaver,36
2730,bother,36
2731,bricks,36
2732,bruce,36
2733,bumped,36
2734,cousins,36
2735,creative,36
2736,dangerous,36
2737,delighted,36
2738,doubt,36
2739,dump,36
2740,fantastic,36
2741,father's,36
2742,filling,36
2743,further,36
2744,goldie,36
2745,gotten,36
2746,guide,36
2747,handsome,36
2748,harriet,36
2749,hook,36
2750,jacob,36
2751,john,36
2752,laying,36
2753,mischief,36
2754,neat,36
2755,octopus,36
2756,pale,36
2757,pepper,36
2758,piggies,36
2759,post,36
2760,project,36
2761,racing,36
2762,rainbows,36
2763,ruined,36
2764,salt,36
2765,screen,36
2766,snowy,36
2767,spanish,36
2768,spicy,36
2769,spied,36
2770,talent,36
2771,timmy,36
2772,wagon,36
2773,wandered,36
2774,warned,36
2775,yells,36
2776,yesterday,36
2777,skills,36
2778,4th,35
2779,americans,35
2780,becomes,35
2781,becoming,35
2782,catches,35
2783,certain,35
2784,chewed,35
2785,cleaning,35
2786,comb,35
2787,duke,35
2788,enjoying,35
2789,familiar,35
2790,foods,35
2791,fool,35
2792,footprints,35
2793,freddy,35
2794,goo,35
2795,greeted,35
2796,haunted,35
2797,heidi,35
2798,height,35
2799,hollow,35
2800,homes,35
2801,hopes,35
2802,knee,35
2803,lamp,35
2804,leah,35
2805,leon,35
2806,lid,35
2807,locks,35
2808,loving,35
2809,marco,35
2810,memories,35
2811,mostly,35
2812,opens,35
2813,parties,35
2814,pioneers,35
2815,protest,35
2816,pup,35
2817,rough,35
2818,sailed,35
2819,schools,35
2820,scientists,35
2821,sean,35
2822,sneak,35
2823,sold,35
2824,stanton,35
2825,study,35
2826,tacky,35
2827,today's,35
2828,turnip,35
2829,understood,35
2830,unfortunately,35
2831,washed,35
2832,waving,35
2833,wednesday,35
2834,whales,35
2835,william,35
2836,lace,35
2837,ain't,34
2838,arrive,34
2839,beak,34
2840,beer,34
2841,bottles,34
2842,cap,34
2843,chicka,34
2844,chipmunk,34
2845,chop,34
2846,chuck,34
2847,cowboy,34
2848,cricket,34
2849,dish,34
2850,entered,34
2851,farts,34
2852,gigantic,34
2853,gross,34
2854,guest,34
2855,guitar,34
2856,ham,34
2857,hammer,34
2858,itchy,34
2859,kate,34
2860,lincoln,34
2861,married,34
2862,maya,34
2863,melody,34
2864,peep,34
2865,peered,34
2866,pencils,34
2867,piled,34
2868,pipe,34
2869,poo,34
2870,rub,34
2871,settle,34
2872,shower,34
2873,silence,34
2874,sparkling,34
2875,squealed,34
2876,surface,34
2877,swept,34
2878,tire,34
2879,u,34
2880,universe,34
2881,wakes,34
2882,wand,34
2883,wishing,34
2884,wonders,34
2885,y,34
2886,holidays,34
2887,1,33
2888,anybody,33
2889,astra,33
2890,axe,33
2891,bands,33
2892,barrel,33
2893,bean,33
2894,begun,33
2895,blinked,33
2896,carmen,33
2897,catching,33
2898,challenge,33
2899,cleaned,33
2900,flutter,33
2901,frowned,33
2902,gretchen,33
2903,handful,33
2904,harold,33
2905,hospital,33
2906,hunting,33
2907,king's,33
2908,kristoff,33
2909,lamb,33
2910,lola,33
2911,man's,33
2912,nestled,33
2913,overhead,33
2914,people's,33
2915,planted,33
2916,points,33
2917,practiced,33
2918,reaching,33
2919,refused,33
2920,ribbons,33
2921,robots,33
2922,rocked,33
2923,royal,33
2924,setting,33
2925,shame,33
2926,shells,33
2927,shooting,33
2928,snuck,33
2929,sorts,33
2930,spike,33
2931,squeaked,33
2932,suppose,33
2933,taco,33
2934,thousands,33
2935,throwing,33
2936,tickle,33
2937,tickled,33
2938,tidy,33
2939,training,33
2940,trapped,33
2941,twist,33
2942,100th,32
2943,alien,32
2944,arlo,32
2945,astronaut,32
2946,barked,32
2947,bernice,32
2948,borrow,32
2949,bryla,32
2950,buzzing,32
2951,chewing,32
2952,chinese,32
2953,cleo,32
2954,complete,32
2955,curled,32
2956,danger,32
2957,decorated,32
2958,dinos,32
2959,doc,32
2960,dolls,32
2961,elmo,32
2962,emergency,32
2963,fib,32
2964,fireflies,32
2965,flight,32
2966,freckles,32
2967,fully,32
2968,groaned,32
2969,guard,32
2970,health,32
2971,hears,32
2972,heels,32
2973,impossible,32
2974,ladies,32
2975,lane,32
2976,licked,32
2977,masks,32
2978,massive,32
2979,nana,32
2980,nora,32
2981,patience,32
2982,pause,32
2983,pigeon,32
2984,politely,32
2985,principal,32
2986,ripe,32
2987,rocky,32
2988,rubble,32
2989,scene,32
2990,serious,32
2991,spoon,32
2992,stirred,32
2993,sunflower,32
2994,sweater,32
2995,tallest,32
2996,tangled,32
2997,tennis,32
2998,they've,32
2999,twas,32
3000,twirled,32
